2020-12-06 19:53:08.197933,990.0
2020-12-06 19:53:08.708992,955.0
2020-12-06 19:53:09.220298,998.0
2020-12-06 19:53:09.731494,956.0
2020-12-06 19:53:09.763568,956.0
2020-12-06 19:53:10.258659,993.0
2020-12-06 19:53:10.754259,962.0
2020-12-06 19:53:11.265315,958.0
2020-12-06 19:53:11.760135,961.0
2020-12-06 19:53:12.271799,958.0
2020-12-06 19:53:12.782649,990.0
2020-12-06 19:53:13.295072,960.0
2020-12-06 19:53:13.805121,963.0
2020-12-06 19:53:14.300245,992.0
2020-12-06 19:53:14.811220,952.0
2020-12-06 19:53:15.322669,956.0
2020-12-06 19:53:15.834829,992.0
2020-12-06 19:53:16.328820,953.0
2020-12-06 19:53:16.840003,962.0
2020-12-06 19:53:17.351593,980.0
2020-12-06 19:53:17.863016,952.0
2020-12-06 19:53:18.373956,962.0
2020-12-06 19:53:18.869652,977.0
2020-12-06 19:53:19.380148,982.0
2020-12-06 19:53:19.891822,980.0
2020-12-06 19:53:20.402744,967.0
2020-12-06 19:53:20.913693,963.0
2020-12-06 19:53:21.410308,967.0
2020-12-06 19:53:21.920845,975.0
2020-12-06 19:53:22.431621,983.0
2020-12-06 19:53:22.943118,975.0
2020-12-06 19:53:23.454234,984.0
2020-12-06 19:53:23.965224,970.0
2020-12-06 19:53:24.460584,999.0
2020-12-06 19:53:24.971955,971.0
2020-12-06 19:53:25.482897,970.0
2020-12-06 19:59:31.358466,991.0
2020-12-06 20:10:41.157209,994.0
2020-12-06 20:10:41.668330,974.0
2020-12-06 20:10:42.179567,983.0
2020-12-06 20:10:42.674806,974.0
2020-12-06 20:10:43.185389,975.0
2020-12-06 20:10:43.696890,984.0
2020-12-06 20:10:44.208235,983.0
2020-12-06 20:10:44.719425,996.0
2020-12-06 20:10:45.230660,975.0
2020-12-06 20:10:45.741647,974.0
2020-12-06 20:10:46.237180,985.0
2020-12-06 20:10:46.748418,992.0
2020-12-06 20:10:47.259477,980.0
2020-12-06 20:10:47.771197,987.0
2020-12-06 20:10:48.266029,982.0
2020-12-06 20:10:48.777228,975.0
2020-12-06 20:10:49.288301,1001.0
2020-12-06 20:10:49.799676,975.0
2020-12-06 20:10:50.310909,985.0
2020-12-06 20:10:50.821800,1006.0
2020-12-06 20:10:51.317311,980.0
2020-12-06 20:10:51.828602,972.0
2020-12-06 20:10:52.339642,996.0
2020-12-06 20:10:52.850937,976.0
2020-12-06 20:10:53.361809,972.0
2020-12-06 20:10:53.857141,974.0
2020-12-06 20:10:54.368824,971.0
2020-12-06 20:10:54.879799,969.0
2020-12-06 20:10:55.390901,995.0
2020-12-06 20:10:55.901939,973.0
2020-12-06 20:10:56.397952,975.0
2020-12-06 20:10:56.908455,985.0
2020-12-06 20:10:57.419678,981.0
2020-12-06 20:10:57.930812,985.0
2020-12-06 20:10:58.441884,975.0
2020-12-06 20:10:58.937331,991.0
2020-12-06 20:10:59.448492,979.0
2020-12-06 20:10:59.959820,999.0
2020-12-06 20:11:00.471085,974.0
2020-12-06 20:11:00.966180,983.0
2020-12-06 20:11:02.499535,979.0
2020-12-06 20:11:03.010770,985.0
2020-12-06 20:11:03.506006,974.0
2020-12-06 20:11:04.017322,980.0
2020-12-06 20:11:04.528234,979.0
2020-12-06 20:11:05.038973,972.0
2020-12-06 20:11:05.550499,993.0
2020-12-06 20:11:06.045758,973.0
2020-12-06 20:11:06.557056,979.0
2020-12-06 20:11:07.068215,975.0
2020-12-06 20:11:07.579372,979.0
2020-12-06 20:11:08.090104,985.0
2020-12-06 20:11:08.585864,988.0
2020-12-06 20:11:09.097138,982.0
2020-12-06 20:11:09.608427,995.0
2020-12-06 20:11:10.119530,984.0
2020-12-06 20:11:10.614952,989.0
2020-12-06 20:11:11.126023,988.0
2020-12-06 20:11:11.637139,986.0
2020-12-06 20:11:12.148245,990.0
2020-12-06 20:11:12.659376,980.0
2020-12-06 20:11:13.170479,973.0
2020-12-06 20:11:13.665934,981.0
2020-12-06 20:11:14.176914,987.0
2020-12-06 20:11:14.688201,980.0
2020-12-06 20:11:15.199547,984.0
2020-12-06 20:11:15.710525,987.0
2020-12-06 20:11:16.205912,973.0
2020-12-06 20:11:16.716920,986.0
2020-12-06 20:11:17.228286,989.0
2020-12-06 20:11:17.740101,972.0
2020-12-06 20:24:29.410070,972.0
2020-12-06 20:24:29.921080,999.0
2020-12-06 20:24:30.975541,1002.0
2020-12-06 20:24:31.486458,979.0
2020-12-06 20:24:31.982115,986.0
2020-12-06 20:24:32.493136,998.0
2020-12-06 20:24:33.004598,1001.0
2020-12-06 20:24:33.516197,1001.0
2020-12-06 20:24:34.027267,999.0
2020-12-06 20:24:34.522697,988.0
2020-12-06 20:24:35.034024,988.0
2020-12-06 20:24:35.561388,977.0
2020-12-06 20:24:36.072726,992.0
2020-12-06 20:24:36.631801,980.0
2020-12-06 20:24:37.159309,998.0
2020-12-06 20:24:37.702553,996.0
2020-12-06 20:24:38.213837,977.0
2020-12-06 20:24:38.725140,976.0
2020-12-06 20:24:39.252629,982.0
2020-12-06 20:24:39.763251,985.0
2020-12-06 20:24:40.290967,993.0
2020-12-06 20:24:40.802259,975.0
2020-12-06 20:24:41.313487,993.0
2020-12-06 20:24:41.824890,1009.0
2020-12-06 20:24:42.336157,979.0
2020-12-06 20:24:42.846902,994.0
2020-12-06 20:24:43.342737,979.0
2020-12-06 20:24:43.854133,992.0
2020-12-06 20:24:44.365416,988.0
2020-12-06 20:24:44.876865,993.0
2020-12-06 20:24:45.387988,976.0
2020-12-06 20:24:45.899327,975.0
2020-12-06 20:24:46.410217,985.0
2020-12-06 20:24:46.921952,981.0
2020-12-06 20:24:47.434666,992.0
2020-12-06 20:24:47.928317,987.0
2020-12-06 20:24:48.439757,979.0
2020-12-06 20:24:48.983063,975.0
2020-12-06 20:24:49.494147,975.0
2020-12-06 20:24:49.989709,995.0
2020-12-06 20:24:50.500890,981.0
2020-12-06 20:24:51.011907,976.0
2020-12-06 20:24:51.523137,997.0
2020-12-06 20:24:52.034650,978.0
2020-12-06 20:24:52.545833,980.0
2020-12-06 20:24:53.057152,984.0
2020-12-06 20:24:53.568596,984.0
2020-12-06 20:24:54.063677,976.0
2020-12-06 20:24:54.575804,993.0
2020-12-06 20:24:55.086467,989.0
2020-12-06 20:24:55.597655,977.0
2020-12-06 20:24:56.109308,999.0
2020-12-06 20:24:56.636429,979.0
2020-12-06 20:24:57.163967,984.0
2020-12-06 20:24:57.706758,992.0
2020-12-06 20:24:58.234747,991.0
2020-12-06 20:24:58.777790,995.0
2020-12-06 20:24:59.289010,992.0
2020-12-06 20:24:59.800326,988.0
2020-12-06 20:25:00.295723,1006.0
2020-12-06 20:25:00.806842,975.0
2020-12-06 20:25:01.318081,976.0
2020-12-06 20:25:01.829411,978.0
2020-12-06 20:25:02.340721,988.0
2020-12-06 20:25:02.835889,974.0
2020-12-06 20:25:03.347110,996.0
2020-12-06 20:25:03.858440,977.0
2020-12-06 20:25:04.369853,979.0
2020-12-06 20:25:04.864992,985.0
2020-12-06 20:25:05.376594,985.0
2020-12-06 20:25:05.887714,987.0
2020-12-06 20:25:06.399016,985.0
2020-12-06 20:25:06.910315,984.0
2020-12-06 20:25:07.405652,995.0
2020-12-06 20:25:07.932766,1002.0
2020-12-06 20:25:08.428199,974.0
2020-12-06 20:25:08.939455,983.0
2020-12-06 20:25:09.450584,974.0
2020-12-06 20:25:09.961833,984.0
2020-12-06 20:25:10.473181,979.0
2020-12-06 20:25:10.984700,991.0
2020-12-06 20:25:11.496093,984.0
2020-12-06 20:25:12.007550,990.0
2020-12-06 20:25:12.518761,975.0
2020-12-06 20:25:13.030153,995.0
2020-12-06 20:25:13.541269,988.0
2020-12-06 20:25:14.036695,1010.0
2020-12-06 20:25:14.547989,988.0
2020-12-06 20:25:16.161862,990.0
2020-12-06 20:25:16.673166,978.0
2020-12-06 20:25:17.184419,1000.0
2020-12-06 20:25:17.695538,975.0
2020-12-06 20:25:18.207021,978.0
2020-12-06 20:25:19.261595,973.0
2020-12-06 20:25:19.772687,998.0
2020-12-06 20:25:20.284189,990.0
2020-12-06 20:25:21.338493,991.0
2020-12-06 20:25:21.865913,977.0
2020-12-06 20:25:22.409367,999.0
2020-12-06 20:25:22.936747,987.0
2020-12-06 20:25:23.447879,974.0
2020-12-06 20:25:24.502724,975.0
2020-12-06 20:25:25.014063,992.0
2020-12-06 20:25:25.525389,985.0
2020-12-06 20:25:26.052787,984.0
2020-12-06 20:25:26.579808,976.0
2020-12-06 20:25:27.090925,1008.0
2020-12-06 20:25:27.586798,975.0
2020-12-06 20:25:28.113847,992.0
2020-12-06 20:25:28.640975,974.0
2020-12-06 20:25:29.152509,976.0
2020-12-06 20:25:29.679346,992.0
2020-12-06 20:25:30.190969,983.0
2020-12-06 20:25:30.718340,987.0
2020-12-06 20:25:31.229626,980.0
2020-12-06 20:25:31.740902,985.0
2020-12-06 20:25:32.284239,984.0
2020-12-06 20:25:32.827524,980.0
2020-12-06 20:25:33.338912,987.0
2020-12-06 20:25:33.834110,992.0
2020-12-06 20:25:34.345204,988.0
2020-12-06 20:25:34.856626,991.0
2020-12-06 20:25:35.367863,988.0
2020-12-06 20:25:35.879266,990.0
2020-12-06 20:25:36.421970,988.0
2020-12-06 20:25:36.933625,994.0
2020-12-06 20:25:37.445221,974.0
2020-12-06 20:25:37.955919,973.0
2020-12-06 20:25:38.451493,991.0
2020-12-06 20:25:38.962911,986.0
2020-12-06 20:25:39.474221,993.0
2020-12-06 20:25:39.985354,988.0
2020-12-06 20:25:40.480634,994.0
2020-12-06 20:25:40.992017,985.0
2020-12-06 20:25:41.503549,974.0
2020-12-06 20:25:42.557988,988.0
2020-12-06 20:25:43.085344,992.0
2020-12-06 20:25:43.596609,976.0
2020-12-06 20:25:44.108067,995.0
2020-12-06 20:25:44.619075,980.0
2020-12-06 20:25:45.130625,986.0
2020-12-06 20:25:45.641789,976.0
2020-12-06 20:25:46.153137,974.0
2020-12-06 20:25:46.664435,975.0
2020-12-06 20:25:47.175657,974.0
2020-12-06 20:25:47.671257,989.0
2020-12-06 20:25:48.182361,979.0
2020-12-06 20:25:48.693834,976.0
2020-12-06 20:25:49.205181,973.0
2020-12-06 20:25:49.748431,973.0
2020-12-06 20:25:50.243594,992.0
2020-12-06 20:25:51.330155,991.0
2020-12-06 20:25:51.841318,975.0
2020-12-06 20:25:52.352636,994.0
2020-12-06 20:25:52.864177,994.0
2020-12-06 20:25:53.375551,974.0
2020-12-06 20:25:53.886884,990.0
2020-12-06 20:25:54.398224,979.0
2020-12-06 20:25:54.909382,995.0
2020-12-06 20:25:55.436616,975.0
2020-12-06 20:25:55.947742,994.0
2020-12-06 20:25:57.018229,984.0
2020-12-06 20:25:57.530000,981.0
2020-12-06 20:25:58.041112,991.0
2020-12-06 20:25:58.536650,980.0
2020-12-06 20:25:59.047928,998.0
2020-12-06 20:25:59.559770,974.0
2020-12-06 20:26:00.070381,977.0
2020-12-06 20:26:00.613737,985.0
2020-12-06 20:26:01.125015,978.0
2020-12-06 20:26:01.620418,986.0
2020-12-06 20:26:02.163753,996.0
2020-12-06 20:26:02.674952,984.0
2020-12-06 20:26:03.186575,992.0
2020-12-06 20:26:03.697923,990.0
2020-12-06 20:26:04.224892,980.0
2020-12-06 20:26:04.720125,974.0
2020-12-06 20:26:05.247520,993.0
2020-12-06 20:26:05.759034,978.0
2020-12-06 20:26:06.286271,989.0
2020-12-06 20:26:06.829574,977.0
2020-12-06 20:26:07.356745,989.0
2020-12-06 20:26:07.867915,990.0
2020-12-06 20:26:08.363358,999.0
2020-12-06 20:26:08.874787,975.0
2020-12-06 20:26:09.401902,975.0
2020-12-06 20:26:09.945221,995.0
2020-12-06 20:26:10.472473,1009.0
2020-12-06 20:26:10.983720,1001.0
2020-12-06 20:26:11.526894,975.0
2020-12-06 20:26:12.054338,997.0
2020-12-06 20:26:12.597466,975.0
2020-12-06 20:26:13.140432,999.0
2020-12-06 20:26:13.668145,973.0
2020-12-06 20:26:14.179522,975.0
2020-12-06 20:26:16.272820,977.0
2020-12-06 20:26:16.783998,997.0
2020-12-06 20:26:17.295057,996.0
2020-12-06 20:26:17.806483,991.0
2020-12-06 20:26:18.301811,978.0
2020-12-06 20:26:18.813358,991.0
2020-12-06 20:26:19.324663,985.0
2020-12-06 20:26:19.836357,995.0
2020-12-06 20:26:20.347217,982.0
2020-12-06 20:26:38.514564,990.0
2020-12-06 20:26:39.058107,974.0
2020-12-06 20:26:39.569391,995.0
2020-12-06 20:26:40.096423,974.0
2020-12-06 20:26:40.607731,974.0
2020-12-06 20:26:41.119020,991.0
2020-12-06 20:26:41.630439,978.0
2020-12-06 20:26:42.141489,991.0
2020-12-06 20:26:42.652893,992.0
2020-12-06 20:27:00.116862,997.0
2020-12-06 20:27:00.643981,975.0
2020-12-06 20:27:01.155418,974.0
2020-12-06 20:27:01.666616,991.0
2020-12-06 20:27:02.177626,975.0
2020-12-06 20:27:02.689387,979.0
2020-12-06 20:27:03.200663,998.0
2020-12-06 20:27:03.712046,1005.0
2020-12-06 20:27:04.207203,991.0
2020-12-06 20:27:04.734392,976.0
2020-12-06 20:27:05.245785,985.0
2020-12-06 20:27:05.756998,988.0
2020-12-06 20:27:06.252621,1004.0
2020-12-06 20:27:06.764126,978.0
2020-12-06 20:27:07.275116,993.0
2020-12-06 20:27:07.802209,980.0
2020-12-06 20:27:08.313520,976.0
2020-12-06 20:27:08.809181,981.0
2020-12-06 20:27:09.320440,978.0
2020-12-06 20:27:09.831711,975.0
2020-12-06 20:27:10.343102,1000.0
2020-12-06 20:27:10.854803,979.0
2020-12-06 20:27:11.365677,980.0
2020-12-06 20:27:11.892942,990.0
2020-12-06 20:27:12.404309,979.0
2020-12-06 20:27:12.915687,988.0
2020-12-06 20:27:13.426995,988.0
2020-12-06 20:27:13.938361,997.0
2020-12-06 20:27:14.449710,973.0
2020-12-06 20:27:15.520010,986.0
2020-12-06 20:27:15.552467,986.0
2020-12-06 20:27:16.542988,996.0
2020-12-06 20:27:17.054286,985.0
2020-12-06 20:27:17.565422,999.0
2020-12-06 20:27:18.076665,976.0
2020-12-06 20:27:18.588044,981.0
2020-12-06 20:27:19.099402,977.0
2020-12-06 20:27:19.610518,977.0
2020-12-06 20:27:20.137837,982.0
2020-12-06 20:27:20.649324,995.0
2020-12-06 20:27:21.160689,992.0
2020-12-06 20:27:21.671561,978.0
2020-12-06 20:27:22.183410,976.0
2020-12-06 20:27:22.694753,976.0
2020-12-06 20:27:23.189936,977.0
2020-12-06 20:27:23.701529,979.0
2020-12-06 20:27:24.212593,1004.0
2020-12-06 20:27:24.725292,984.0
2020-12-06 20:27:25.235488,975.0
2020-12-06 20:27:25.746586,1006.0
2020-12-06 20:27:26.257966,984.0
2020-12-06 20:27:26.769100,974.0
2020-12-06 20:27:27.280659,980.0
2020-12-06 20:27:27.791931,976.0
2020-12-06 20:27:28.303192,996.0
2020-12-06 20:27:28.798404,985.0
2020-12-06 20:27:29.309734,975.0
2020-12-06 20:27:29.837021,996.0
2020-12-06 20:27:30.348400,998.0
2020-12-06 20:27:30.859553,989.0
2020-12-06 20:27:31.370884,988.0
2020-12-06 20:27:31.882261,984.0
2020-12-06 20:27:32.393577,999.0
2020-12-06 20:27:32.920333,998.0
2020-12-06 20:27:33.415798,975.0
2020-12-06 20:27:33.927133,975.0
2020-12-06 20:27:34.438432,985.0
2020-12-06 20:27:34.949620,981.0
2020-12-06 20:27:35.460975,996.0
2020-12-06 20:27:35.971783,988.0
2020-12-06 20:27:36.467629,981.0
2020-12-06 20:27:36.979151,982.0
2020-12-06 20:27:37.490339,990.0
2020-12-06 20:27:38.001400,978.0
2020-12-06 20:27:38.513012,974.0
2020-12-06 20:27:39.024192,987.0
2020-12-06 20:27:39.534976,982.0
2020-12-06 20:27:40.030621,974.0
2020-12-06 20:27:40.542045,980.0
2020-12-06 20:27:41.053590,976.0
2020-12-06 20:27:41.596836,998.0
2020-12-06 20:27:42.124176,986.0
2020-12-06 20:27:42.635479,980.0
2020-12-06 20:27:43.178453,988.0
2020-12-06 20:27:44.233119,976.0
2020-12-06 20:27:44.728553,990.0
2020-12-06 20:27:45.239666,1002.0
2020-12-06 20:27:45.751151,992.0
2020-12-06 20:27:46.261908,981.0
2020-12-06 20:27:46.773273,992.0
2020-12-06 20:27:47.316791,975.0
2020-12-06 20:27:47.844148,990.0
2020-12-06 20:27:48.355681,978.0
2020-12-06 20:27:48.850971,977.0
2020-12-06 20:27:49.361997,984.0
2020-12-06 20:27:49.873566,977.0
2020-12-06 20:27:50.384861,998.0
2020-12-06 20:27:50.896372,974.0
2020-12-06 20:27:51.391319,974.0
2020-12-06 20:27:51.902890,996.0
2020-12-06 20:27:52.414084,976.0
2020-12-06 20:27:52.925159,1001.0
2020-12-06 20:27:53.436456,974.0
2020-12-06 20:27:53.947887,980.0
2020-12-06 20:27:54.490984,977.0
2020-12-06 20:27:55.002355,984.0
2020-12-06 20:27:55.513573,984.0
2020-12-06 20:27:56.009117,981.0
2020-12-06 20:27:56.568579,973.0
2020-12-06 20:27:57.079639,989.0
2020-12-06 20:27:57.591056,973.0
2020-12-06 20:27:58.086037,980.0
2020-12-06 20:27:58.613541,974.0
2020-12-06 20:27:59.125498,993.0
2020-12-06 20:27:59.636335,975.0
2020-12-06 20:28:00.146977,992.0
2020-12-06 20:28:00.658403,986.0
2020-12-06 20:28:01.170102,1005.0
2020-12-06 20:28:01.680800,984.0
2020-12-06 20:28:02.208634,979.0
2020-12-06 20:28:02.735899,985.0
2020-12-06 20:28:03.263207,983.0
2020-12-06 20:28:03.774419,985.0
2020-12-06 20:28:04.285765,988.0
2020-12-06 20:28:04.797011,999.0
2020-12-06 20:28:05.324275,978.0
2020-12-06 20:28:05.883344,990.0
2020-12-06 20:28:06.410759,980.0
2020-12-06 20:28:06.953814,988.0
2020-12-06 20:28:07.481251,979.0
2020-12-06 20:28:08.024582,978.0
2020-12-06 20:28:08.567615,996.0
2020-12-06 20:28:09.063108,980.0
2020-12-06 20:28:09.574019,983.0
2020-12-06 20:28:10.085199,996.0
2020-12-06 20:28:10.596882,976.0
2020-12-06 20:28:11.092143,978.0
2020-12-06 20:28:11.603470,993.0
2020-12-06 20:28:12.130642,976.0
2020-12-06 20:28:12.657761,991.0
2020-12-06 20:28:13.696435,984.0
2020-12-06 20:28:14.208043,975.0
2020-12-06 20:28:14.718679,994.0
2020-12-06 20:28:15.230483,979.0
2020-12-06 20:28:15.741659,999.0
2020-12-06 20:28:16.252641,978.0
2020-12-06 20:28:16.748017,979.0
2020-12-06 20:28:17.259664,990.0
2020-12-06 20:28:17.786844,996.0
2020-12-06 20:28:18.282398,990.0
2020-12-06 20:28:18.809670,990.0
2020-12-06 20:28:18.857472,990.0
2020-12-06 20:28:19.368544,999.0
2020-12-06 20:28:19.879985,989.0
2020-12-06 20:28:20.375364,999.0
2020-12-06 20:28:20.886659,983.0
2020-12-06 20:28:21.397824,992.0
2020-12-06 20:28:21.925736,993.0
2020-12-06 20:28:22.452664,975.0
2020-12-06 20:28:22.979903,983.0
2020-12-06 20:28:23.491069,976.0
2020-12-06 20:28:24.034255,973.0
2020-12-06 20:28:24.577543,980.0
2020-12-06 20:28:25.104872,992.0
2020-12-06 20:28:25.647980,977.0
2020-12-06 20:28:26.191441,1000.0
2020-12-06 20:28:27.293957,982.0
2020-12-06 20:28:27.805400,975.0
2020-12-06 20:28:28.316817,981.0
2020-12-06 20:28:28.827937,991.0
2020-12-06 20:28:29.339251,987.0
2020-12-06 20:28:29.850750,980.0
2020-12-06 20:28:30.361840,973.0
2020-12-06 20:28:30.905159,978.0
2020-12-06 20:28:31.416527,998.0
2020-12-06 20:28:31.959691,974.0
2020-12-06 20:28:32.454998,990.0
2020-12-06 20:28:33.029753,1004.0
2020-12-06 20:28:33.541317,974.0
2020-12-06 20:28:34.052557,975.0
2020-12-06 20:28:34.579846,989.0
2020-12-06 20:28:35.091364,993.0
2020-12-06 20:28:35.618701,990.0
2020-12-06 20:28:36.130001,987.0
2020-12-06 20:28:36.641180,987.0
2020-12-06 20:28:37.152679,983.0
2020-12-06 20:28:37.663955,999.0
2020-12-06 20:28:38.175048,984.0
2020-12-06 20:28:38.686573,994.0
2020-12-06 20:28:39.229878,974.0
2020-12-06 20:28:39.773028,996.0
2020-12-06 20:28:40.300394,986.0
2020-12-06 20:28:40.843725,992.0
2020-12-06 20:28:41.355228,990.0
2020-12-06 20:28:41.866139,995.0
2020-12-06 20:28:42.377747,977.0
2020-12-06 20:28:42.904675,992.0
2020-12-06 20:28:43.432333,986.0
2020-12-06 20:28:43.943638,993.0
2020-12-06 20:28:44.470562,990.0
2020-12-06 20:28:44.998036,998.0
2020-12-06 20:28:45.541256,988.0
2020-12-06 20:28:46.068738,1003.0
2020-12-06 20:28:46.595517,994.0
2020-12-06 20:28:47.107221,999.0
2020-12-06 20:28:47.602622,977.0
2020-12-06 20:28:48.113818,994.0
2020-12-06 20:28:48.657120,985.0
2020-12-06 20:28:50.254839,987.0
2020-12-06 20:28:50.766073,995.0
2020-12-06 20:28:51.261722,974.0
2020-12-06 20:28:51.773130,979.0
2020-12-06 20:28:52.284425,977.0
2020-12-06 20:28:52.779624,977.0
2020-12-06 20:28:53.290862,999.0
2020-12-06 20:28:53.802205,978.0
2020-12-06 20:28:54.313434,974.0
2020-12-06 20:28:54.824620,983.0
2020-12-06 20:28:55.351666,974.0
2020-12-06 20:28:55.863026,976.0
2020-12-06 20:28:56.374368,980.0
2020-12-06 20:28:56.885715,972.0
2020-12-06 20:28:57.397463,979.0
2020-12-06 20:28:57.908599,992.0
2020-12-06 20:28:58.419493,994.0
2020-12-06 20:28:58.947266,982.0
2020-12-06 20:28:59.458563,977.0
2020-12-06 20:28:59.969856,988.0
2020-12-06 20:29:00.481229,1003.0
2020-12-06 20:29:00.992394,992.0
2020-12-06 20:29:01.503431,995.0
2020-12-06 20:29:02.014972,985.0
2020-12-06 20:29:02.542244,992.0
2020-12-06 20:29:03.053609,980.0
2020-12-06 20:29:03.564869,978.0
2020-12-06 20:29:04.076164,990.0
2020-12-06 20:29:04.571535,988.0
2020-12-06 20:29:05.098736,999.0
2020-12-06 20:29:05.626151,978.0
2020-12-06 20:29:06.137486,989.0
2020-12-06 20:29:06.648720,1004.0
2020-12-06 20:29:07.143973,986.0
2020-12-06 20:29:07.655095,999.0
2020-12-06 20:29:08.166547,992.0
2020-12-06 20:29:08.677967,977.0
2020-12-06 20:29:09.221161,997.0
2020-12-06 20:29:09.764350,988.0
2020-12-06 20:29:10.291387,982.0
2020-12-06 20:29:10.802911,989.0
2020-12-06 20:29:11.330058,978.0
2020-12-06 20:29:11.825541,992.0
2020-12-06 20:29:12.336956,981.0
2020-12-06 20:29:12.848061,974.0
2020-12-06 20:29:13.391592,1002.0
2020-12-06 20:29:13.902721,978.0
2020-12-06 20:29:14.413940,976.0
2020-12-06 20:29:14.925186,973.0
2020-12-06 20:29:15.452719,996.0
2020-12-06 20:29:15.995996,986.0
2020-12-06 20:29:16.507029,992.0
2020-12-06 20:29:17.018731,973.0
2020-12-06 20:29:17.529762,986.0
2020-12-06 20:29:18.057160,1000.0
2020-12-06 20:29:18.600338,992.0
2020-12-06 20:29:19.111465,984.0
2020-12-06 20:29:19.622771,984.0
2020-12-06 20:29:20.133996,981.0
2020-12-06 20:29:20.645400,982.0
2020-12-06 20:29:21.188788,979.0
2020-12-06 20:29:21.731849,990.0
2020-12-06 20:29:22.259346,1004.0
2020-12-06 20:29:23.825302,986.0
2020-12-06 20:29:24.336573,989.0
2020-12-06 20:29:24.847221,987.0
2020-12-06 20:29:25.359158,992.0
2020-12-06 20:29:25.870128,980.0
2020-12-06 20:29:26.381657,984.0
2020-12-06 20:29:26.909021,1006.0
2020-12-06 20:29:27.452244,990.0
2020-12-06 20:29:27.979401,1001.0
2020-12-06 20:29:29.034136,1009.0
2020-12-06 20:29:29.577418,986.0
2020-12-06 20:29:30.088670,983.0
2020-12-06 20:29:30.631893,974.0
2020-12-06 20:29:31.159194,975.0
2020-12-06 20:29:31.686439,990.0
2020-12-06 20:29:32.213838,980.0
2020-12-06 20:29:32.725267,978.0
2020-12-06 20:29:33.236591,979.0
2020-12-06 20:29:33.747543,973.0
2020-12-06 20:29:34.258931,977.0
2020-12-06 20:29:34.786168,974.0
2020-12-06 20:29:35.297358,973.0
2020-12-06 20:29:35.856493,972.0
2020-12-06 20:29:37.438512,980.0
2020-12-06 20:29:37.981674,995.0
2020-12-06 20:29:38.524931,991.0
2020-12-06 20:29:43.366404,990.0
2020-12-06 20:29:48.223764,1011.0
2020-12-06 20:29:48.751134,990.0
2020-12-06 20:29:49.262485,1001.0
2020-12-06 20:29:49.773813,984.0
2020-12-06 20:29:50.317020,976.0
2020-12-06 20:29:50.828193,977.0
2020-12-06 20:29:51.339511,989.0
2020-12-06 20:29:51.866795,984.0
2020-12-06 20:29:52.377950,984.0
2020-12-06 20:29:52.904824,975.0
2020-12-06 20:29:53.416541,981.0
2020-12-06 20:29:53.927799,976.0
2020-12-06 20:29:54.439268,984.0
2020-12-06 20:29:54.950580,993.0
2020-12-06 20:29:55.446410,984.0
2020-12-06 20:29:55.973211,994.0
2020-12-06 20:29:56.484580,980.0
2020-12-06 20:29:56.995961,975.0
2020-12-06 20:29:57.507305,995.0
2020-12-06 20:29:58.018601,1004.0
2020-12-06 20:29:58.529893,976.0
2020-12-06 20:29:59.025228,982.0
2020-12-06 20:29:59.536508,977.0
2020-12-06 20:30:00.079707,982.0
2020-12-06 20:30:00.591142,993.0
2020-12-06 20:30:01.102470,985.0
2020-12-06 20:30:01.613731,977.0
2020-12-06 20:30:02.140831,984.0
2020-12-06 20:30:02.652374,985.0
2020-12-06 20:30:03.163732,989.0
2020-12-06 20:30:03.674512,981.0
2020-12-06 20:30:04.170404,979.0
2020-12-06 20:30:04.681516,999.0
2020-12-06 20:30:05.192857,975.0
2020-12-06 20:30:05.704223,974.0
2020-12-06 20:30:06.215651,994.0
2020-12-06 20:30:06.726997,980.0
2020-12-06 20:30:07.222298,982.0
2020-12-06 20:30:07.733593,982.0
2020-12-06 20:30:08.244887,978.0
2020-12-06 20:30:08.756321,989.0
2020-12-06 20:30:09.267583,974.0
2020-12-06 20:30:09.778858,991.0
2020-12-06 20:30:10.290048,989.0
2020-12-06 20:30:10.801362,993.0
2020-12-06 20:30:11.312416,979.0
2020-12-06 20:30:11.807971,974.0
2020-12-06 20:30:12.319276,981.0
2020-12-06 20:30:12.830515,992.0
2020-12-06 20:30:13.341711,992.0
2020-12-06 20:30:13.852579,976.0
2020-12-06 20:30:14.364608,972.0
2020-12-06 20:30:14.891575,984.0
2020-12-06 20:30:15.402984,997.0
2020-12-06 20:30:15.914102,977.0
2020-12-06 20:30:16.968485,989.0
2020-12-06 20:30:17.511556,991.0
2020-12-06 20:30:18.582642,978.0
2020-12-06 20:30:19.109921,988.0
2020-12-06 20:30:20.180598,984.0
2020-12-06 20:30:21.235137,984.0
2020-12-06 20:30:21.746287,990.0
2020-12-06 20:30:22.241765,990.0
2020-12-06 20:30:22.752986,983.0
2020-12-06 20:30:23.264062,989.0
2020-12-06 20:30:23.775416,988.0
2020-12-06 20:30:24.287108,974.0
2020-12-06 20:30:24.782215,980.0
2020-12-06 20:30:25.293464,982.0
2020-12-06 20:30:25.805005,976.0
2020-12-06 20:30:26.348188,991.0
2020-12-06 20:30:27.402173,987.0
2020-12-06 20:30:27.914021,992.0
2020-12-06 20:30:28.425409,996.0
2020-12-06 20:30:28.952596,996.0
2020-12-06 20:30:29.448273,992.0
2020-12-06 20:30:29.991351,987.0
2020-12-06 20:30:30.503032,985.0
2020-12-06 20:30:31.013780,985.0
2020-12-06 20:30:31.509345,976.0
2020-12-06 20:30:32.020651,972.0
2020-12-06 20:30:32.532050,1000.0
2020-12-06 20:30:33.043056,976.0
2020-12-06 20:30:33.554485,973.0
2020-12-06 20:30:34.065975,980.0
2020-12-06 20:30:34.576923,979.0
2020-12-06 20:30:35.072534,974.0
2020-12-06 20:30:35.584033,999.0
2020-12-06 20:30:36.095159,987.0
2020-12-06 20:30:36.606429,999.0
2020-12-06 20:30:37.117528,994.0
2020-12-06 20:30:37.628841,1003.0
2020-12-06 20:30:38.140127,984.0
2020-12-06 20:30:38.651469,974.0
2020-12-06 20:30:39.194515,998.0
2020-12-06 20:30:39.690576,987.0
2020-12-06 20:30:40.776512,977.0
2020-12-06 20:30:41.303774,973.0
2020-12-06 20:30:41.815053,974.0
2020-12-06 20:30:42.326290,1002.0
2020-12-06 20:30:42.837447,991.0
2020-12-06 20:30:43.348869,976.0
2020-12-06 20:30:43.860289,980.0
2020-12-06 20:30:44.371627,976.0
2020-12-06 20:30:44.898679,983.0
2020-12-06 20:30:45.426067,984.0
2020-12-06 20:30:45.937442,1011.0
2020-12-06 20:30:46.448786,978.0
2020-12-06 20:30:46.992108,997.0
2020-12-06 20:30:47.503148,972.0
2020-12-06 20:30:47.998755,974.0
2020-12-06 20:30:48.541838,979.0
2020-12-06 20:30:49.596275,987.0
2020-12-06 20:30:50.091842,984.0
2020-12-06 20:30:50.603165,990.0
2020-12-06 20:30:51.114489,974.0
2020-12-06 20:30:51.625994,1007.0
2020-12-06 20:30:52.137208,987.0
2020-12-06 20:30:52.648537,1007.0
2020-12-06 20:30:53.159852,980.0
2020-12-06 20:30:53.703121,974.0
2020-12-06 20:30:54.246391,980.0
2020-12-06 20:30:54.773571,976.0
2020-12-06 20:30:55.333056,998.0
2020-12-06 20:30:55.860231,976.0
2020-12-06 20:30:56.403549,991.0
2020-12-06 20:30:56.930930,973.0
2020-12-06 20:30:57.442297,985.0
2020-12-06 20:30:57.953682,1004.0
2020-12-06 20:30:58.464949,980.0
2020-12-06 20:30:58.976281,996.0
2020-12-06 20:30:59.487527,973.0
2020-12-06 20:30:59.519553,973.0
2020-12-06 20:30:59.567369,973.0
2020-12-06 20:31:00.014751,1000.0
2020-12-06 20:31:00.558057,975.0
2020-12-06 20:31:01.069344,992.0
2020-12-06 20:31:01.612276,985.0
2020-12-06 20:31:02.139923,984.0
2020-12-06 20:31:02.683197,975.0
2020-12-06 20:31:03.210183,988.0
2020-12-06 20:31:03.721948,984.0
2020-12-06 20:31:04.233088,997.0
2020-12-06 20:31:04.744350,980.0
2020-12-06 20:31:05.255381,979.0
2020-12-06 20:31:05.750536,996.0
2020-12-06 20:31:06.262255,989.0
2020-12-06 20:31:06.773608,988.0
2020-12-06 20:31:07.284843,975.0
2020-12-06 20:31:07.795870,982.0
2020-12-06 20:31:08.291248,1004.0
2020-12-06 20:31:08.818508,994.0
2020-12-06 20:31:09.329850,992.0
2020-12-06 20:31:09.834919,978.0
2020-12-06 20:31:10.336096,976.0
2020-12-06 20:31:10.847567,990.0
2020-12-06 20:31:11.359121,980.0
2020-12-06 20:31:11.870408,995.0
2020-12-06 20:31:12.381508,977.0
2020-12-06 20:31:12.877003,987.0
2020-12-06 20:31:13.388409,996.0
2020-12-06 20:31:13.899720,984.0
2020-12-06 20:31:14.411126,975.0
2020-12-06 20:31:14.922672,979.0
2020-12-06 20:31:15.449635,991.0
2020-12-06 20:31:15.960813,982.0
2020-12-06 20:31:16.472037,995.0
2020-12-06 20:31:16.983602,987.0
2020-12-06 20:31:17.494734,996.0
2020-12-06 20:31:17.990477,990.0
2020-12-06 20:31:18.517275,976.0
2020-12-06 20:31:19.572036,976.0
2020-12-06 20:31:20.083310,984.0
2020-12-06 20:31:20.578829,992.0
2020-12-06 20:31:21.089916,975.0
2020-12-06 20:31:21.601189,988.0
2020-12-06 20:31:22.112524,982.0
2020-12-06 20:31:22.623883,992.0
2020-12-06 20:31:23.167036,1010.0
2020-12-06 20:31:23.662277,983.0
2020-12-06 20:31:24.173743,990.0
2020-12-06 20:31:24.685045,1000.0
2020-12-06 20:31:25.196372,985.0
2020-12-06 20:31:25.723707,982.0
2020-12-06 20:31:26.235165,984.0
2020-12-06 20:31:26.746258,1011.0
2020-12-06 20:31:27.273483,990.0
2020-12-06 20:31:27.800806,980.0
2020-12-06 20:31:28.343748,976.0
2020-12-06 20:31:28.839339,979.0
2020-12-06 20:31:29.366725,988.0
2020-12-06 20:31:29.862070,991.0
2020-12-06 20:31:30.389536,1008.0
2020-12-06 20:31:30.900913,976.0
2020-12-06 20:31:31.412143,979.0
2020-12-06 20:31:31.955482,973.0
2020-12-06 20:31:32.450744,995.0
2020-12-06 20:31:32.978257,984.0
2020-12-06 20:31:34.016812,999.0
2020-12-06 20:31:34.528103,975.0
2020-12-06 20:31:35.055496,980.0
2020-12-06 20:31:35.566693,992.0
2020-12-06 20:31:36.062002,977.0
2020-12-06 20:31:36.573288,975.0
2020-12-06 20:31:37.084539,975.0
2020-12-06 20:31:37.595863,974.0
2020-12-06 20:31:38.107256,981.0
2020-12-06 20:31:38.618707,1005.0
2020-12-06 20:31:39.129972,988.0
2020-12-06 20:31:39.657194,987.0
2020-12-06 20:31:40.168300,978.0
2020-12-06 20:31:40.679723,983.0
2020-12-06 20:31:41.191059,979.0
2020-12-06 20:31:41.702316,987.0
2020-12-06 20:31:42.213629,979.0
2020-12-06 20:31:42.740861,976.0
2020-12-06 20:31:43.268277,982.0
2020-12-06 20:31:43.779327,995.0
2020-12-06 20:31:44.290783,991.0
2020-12-06 20:31:44.817771,975.0
2020-12-06 20:31:45.313375,984.0
2020-12-06 20:31:45.824735,985.0
2020-12-06 20:31:46.335993,982.0
2020-12-06 20:31:46.847325,979.0
2020-12-06 20:31:47.358716,974.0
2020-12-06 20:31:47.885948,986.0
2020-12-06 20:31:48.429177,1007.0
2020-12-06 20:31:48.956500,992.0
2020-12-06 20:31:49.483660,972.0
2020-12-06 20:31:49.995130,976.0
2020-12-06 20:31:50.506416,975.0
2020-12-06 20:31:51.001726,975.0
2020-12-06 20:31:51.049581,975.0
2020-12-06 20:31:51.560894,975.0
2020-12-06 20:31:52.072234,982.0
2020-12-06 20:31:53.142615,980.0
2020-12-06 20:31:53.654058,989.0
2020-12-06 20:31:55.283936,987.0
2020-12-06 20:31:55.795273,977.0
2020-12-06 20:31:56.306492,979.0
2020-12-06 20:31:56.834103,995.0
2020-12-06 20:31:57.345224,990.0
2020-12-06 20:31:57.856536,980.0
2020-12-06 20:31:58.367844,983.0
2020-12-06 20:31:58.878717,989.0
2020-12-06 20:31:59.374375,980.0
2020-12-06 20:31:59.885301,983.0
2020-12-06 20:32:00.397070,985.0
2020-12-06 20:32:00.908296,996.0
2020-12-06 20:32:01.946863,996.0
2020-12-06 20:32:02.457743,1006.0
2020-12-06 20:32:02.969477,1014.0
2020-12-06 20:32:03.480752,1000.0
2020-12-06 20:32:03.976124,1005.0
2020-12-06 20:32:04.487408,997.0
2020-12-06 20:32:04.998741,985.0
2020-12-06 20:32:05.510084,987.0
2020-12-06 20:32:06.021319,985.0
2020-12-06 20:32:06.516682,996.0
2020-12-06 20:32:07.028002,999.0
2020-12-06 20:32:07.539379,984.0
2020-12-06 20:32:08.050535,988.0
2020-12-06 20:32:08.561979,992.0
2020-12-06 20:32:09.073319,1006.0
2020-12-06 20:32:09.584579,999.0
2020-12-06 20:32:10.095858,981.0
2020-12-06 20:32:10.591418,984.0
2020-12-06 20:32:11.102566,979.0
2020-12-06 20:32:11.613846,977.0
2020-12-06 20:32:12.125147,976.0
2020-12-06 20:32:12.636368,991.0
2020-12-06 20:32:13.147825,999.0
2020-12-06 20:32:13.659160,994.0
2020-12-06 20:32:14.154448,1004.0
2020-12-06 20:32:14.665632,978.0
2020-12-06 20:32:15.176986,984.0
2020-12-06 20:32:15.688340,980.0
2020-12-06 20:32:16.199389,999.0
2020-12-06 20:32:16.694806,979.0
2020-12-06 20:32:17.206014,983.0
2020-12-06 20:32:17.717277,1006.0
2020-12-06 20:32:18.228394,978.0
2020-12-06 20:32:18.755775,993.0
2020-12-06 20:32:19.267119,981.0
2020-12-06 20:32:19.762591,1000.0
2020-12-06 20:32:20.289921,979.0
2020-12-06 20:32:20.785215,983.0
2020-12-06 20:32:21.296540,995.0
2020-12-06 20:32:21.807894,996.0
2020-12-06 20:32:22.319259,995.0
2020-12-06 20:32:22.830506,985.0
2020-12-06 20:32:23.341856,986.0
2020-12-06 20:32:23.852981,991.0
2020-12-06 20:32:24.364551,995.0
2020-12-06 20:32:24.875928,980.0
2020-12-06 20:32:25.386874,982.0
2020-12-06 20:32:25.898285,984.0
2020-12-06 20:32:26.409614,999.0
2020-12-06 20:32:26.920465,979.0
2020-12-06 20:32:27.432189,1000.0
2020-12-06 20:32:27.943407,985.0
2020-12-06 20:32:28.454749,980.0
2020-12-06 20:32:28.950067,985.0
2020-12-06 20:32:29.461427,979.0
2020-12-06 20:32:29.972691,996.0
2020-12-06 20:32:30.483895,980.0
2020-12-06 20:32:30.995146,989.0
2020-12-06 20:32:31.506445,990.0
2020-12-06 20:32:32.033792,980.0
2020-12-06 20:32:32.545059,990.0
2020-12-06 20:32:33.056179,993.0
2020-12-06 20:32:33.567400,991.0
2020-12-06 20:32:34.095068,975.0
2020-12-06 20:32:34.638083,993.0
2020-12-06 20:32:35.165604,983.0
2020-12-06 20:32:35.676847,977.0
2020-12-06 20:32:36.188020,981.0
2020-12-06 20:32:36.715585,998.0
2020-12-06 20:32:37.226747,979.0
2020-12-06 20:32:37.738011,987.0
2020-12-06 20:32:38.249487,974.0
2020-12-06 20:32:38.760750,983.0
2020-12-06 20:32:39.272008,980.0
2020-12-06 20:32:39.783220,997.0
2020-12-06 20:32:40.294379,974.0
2020-12-06 20:32:40.805624,1003.0
2020-12-06 20:32:41.301077,975.0
2020-12-06 20:32:41.828565,1001.0
2020-12-06 20:32:42.339834,974.0
2020-12-06 20:32:42.850889,990.0
2020-12-06 20:32:43.346483,987.0
2020-12-06 20:32:43.857591,980.0
2020-12-06 20:32:44.369067,992.0
2020-12-06 20:32:44.880316,999.0
2020-12-06 20:32:45.918859,976.0
2020-12-06 20:32:46.430121,979.0
2020-12-06 20:32:46.957375,993.0
2020-12-06 20:32:47.468290,995.0
2020-12-06 20:32:47.979988,985.0
2020-12-06 20:32:48.491174,985.0
2020-12-06 20:32:49.002463,975.0
2020-12-06 20:32:49.513907,995.0
2020-12-06 20:32:50.024664,993.0
2020-12-06 20:32:50.519979,992.0
2020-12-06 20:32:51.031742,981.0
2020-12-06 20:32:52.565932,980.0
2020-12-06 20:32:53.092967,992.0
2020-12-06 20:32:53.604307,1013.0
2020-12-06 20:32:54.115582,1000.0
2020-12-06 20:32:54.626985,977.0
2020-12-06 20:32:55.170098,985.0
2020-12-06 20:32:55.697657,999.0
2020-12-06 20:32:56.209002,992.0
2020-12-06 20:32:56.752468,978.0
2020-12-06 20:32:57.279469,995.0
2020-12-06 20:32:57.822716,995.0
2020-12-06 20:32:58.350123,986.0
2020-12-06 20:32:59.964139,1004.0
2020-12-06 20:33:00.491161,991.0
2020-12-06 20:33:01.002605,979.0
2020-12-06 20:33:01.513853,986.0
2020-12-06 20:33:02.024903,977.0
2020-12-06 20:33:02.520277,975.0
2020-12-06 20:33:03.031692,978.0
2020-12-06 20:33:03.542832,972.0
2020-12-06 20:33:04.054320,978.0
2020-12-06 20:33:04.565708,988.0
2020-12-06 20:33:05.076757,983.0
2020-12-06 20:33:05.587861,974.0
2020-12-06 20:33:06.083319,1008.0
2020-12-06 20:33:06.594576,988.0
2020-12-06 20:33:07.106190,975.0
2020-12-06 20:33:07.649370,981.0
2020-12-06 20:33:08.144790,976.0
2020-12-06 20:33:08.656131,977.0
2020-12-06 20:33:09.167329,979.0
2020-12-06 20:33:09.678677,992.0
2020-12-06 20:33:10.190041,978.0
2020-12-06 20:33:10.701163,984.0
2020-12-06 20:33:11.196643,975.0
2020-12-06 20:33:11.707964,981.0
2020-12-06 20:33:12.219203,1007.0
2020-12-06 20:33:12.730488,990.0
2020-12-06 20:33:13.225800,988.0
2020-12-06 20:33:13.737134,1011.0
2020-12-06 20:33:14.247863,984.0
2020-12-06 20:33:14.759180,986.0
2020-12-06 20:33:15.270425,978.0
2020-12-06 20:33:15.766165,986.0
2020-12-06 20:33:16.277656,976.0
2020-12-06 20:33:16.788904,975.0
2020-12-06 20:33:17.299982,979.0
2020-12-06 20:33:17.795600,979.0
2020-12-06 20:33:18.306862,976.0
2020-12-06 20:33:18.818049,981.0
2020-12-06 20:33:19.329358,995.0
2020-12-06 20:33:19.840790,977.0
2020-12-06 20:33:20.351941,968.0
2020-12-06 20:33:20.847169,989.0
2020-12-06 20:33:21.358691,972.0
2020-12-06 20:33:21.869975,979.0
2020-12-06 20:33:22.381383,999.0
2020-12-06 20:33:22.892804,1010.0
2020-12-06 20:33:23.404156,1001.0
2020-12-06 20:33:23.915476,1013.0
2020-12-06 20:33:24.426636,1000.0
2020-12-06 20:33:24.921892,1006.0
2020-12-06 20:33:25.433140,1002.0
2020-12-06 20:33:25.944009,1003.0
2020-12-06 20:33:26.455297,993.0
2020-12-06 20:33:26.966627,1001.0
2020-12-06 20:33:27.462436,995.0
2020-12-06 20:33:27.973733,999.0
2020-12-06 20:33:28.484726,996.0
2020-12-06 20:33:28.995949,999.0
2020-12-06 20:33:29.491730,993.0
2020-12-06 20:33:30.002983,999.0
2020-12-06 20:33:30.514552,1007.0
2020-12-06 20:33:31.025520,988.0
2020-12-06 20:33:31.536909,995.0
2020-12-06 20:33:32.032069,976.0
2020-12-06 20:33:32.542951,990.0
2020-12-06 20:33:33.054296,979.0
2020-12-06 20:33:33.565576,991.0
2020-12-06 20:33:34.076957,995.0
2020-12-06 20:33:34.604650,979.0
2020-12-06 20:33:35.115956,988.0
2020-12-06 20:33:35.627223,982.0
2020-12-06 20:33:36.138517,986.0
2020-12-06 20:33:36.649967,1012.0
2020-12-06 20:33:37.160658,986.0
2020-12-06 20:33:37.672023,979.0
2020-12-06 20:33:38.183626,979.0
2020-12-06 20:33:38.695101,990.0
2020-12-06 20:33:39.206030,979.0
2020-12-06 20:33:39.701591,999.0
2020-12-06 20:33:40.212824,1000.0
2020-12-06 20:33:40.724088,992.0
2020-12-06 20:33:41.251142,982.0
2020-12-06 20:33:41.762603,980.0
2020-12-06 20:33:42.289986,976.0
2020-12-06 20:33:42.801189,976.0
2020-12-06 20:33:43.312499,991.0
2020-12-06 20:33:44.383113,976.0
2020-12-06 20:33:44.910391,980.0
2020-12-06 20:33:45.421676,978.0
2020-12-06 20:33:45.933006,990.0
2020-12-06 20:33:46.444319,1007.0
2020-12-06 20:33:46.955546,979.0
2020-12-06 20:33:47.466881,984.0
2020-12-06 20:33:47.961836,990.0
2020-12-06 20:33:48.505477,976.0
2020-12-06 20:33:49.016845,979.0
2020-12-06 20:33:49.528150,976.0
2020-12-06 20:33:50.039308,1004.0
2020-12-06 20:33:50.550610,984.0
2020-12-06 20:33:51.061863,979.0
2020-12-06 20:33:51.557212,978.0
2020-12-06 20:33:52.068565,992.0
2020-12-06 20:33:52.579673,979.0
2020-12-06 20:33:53.091151,987.0
2020-12-06 20:33:53.602407,975.0
2020-12-06 20:33:54.113869,983.0
2020-12-06 20:33:54.625028,993.0
2020-12-06 20:33:55.120398,986.0
2020-12-06 20:33:55.631775,993.0
2020-12-06 20:33:56.142946,984.0
2020-12-06 20:33:56.654272,984.0
2020-12-06 20:33:57.181555,978.0
2020-12-06 20:33:57.692931,984.0
2020-12-06 20:33:58.204207,979.0
2020-12-06 20:33:59.258919,978.0
2020-12-06 20:33:59.786217,979.0
2020-12-06 20:34:00.297360,987.0
2020-12-06 20:34:00.792692,972.0
2020-12-06 20:34:01.304033,996.0
2020-12-06 20:34:01.815274,973.0
2020-12-06 20:34:02.326897,979.0
2020-12-06 20:34:02.837973,989.0
2020-12-06 20:34:03.333260,990.0
2020-12-06 20:34:03.844343,982.0
2020-12-06 20:34:04.355633,974.0
2020-12-06 20:34:04.883094,977.0
2020-12-06 20:34:05.394271,975.0
2020-12-06 20:34:05.905896,977.0
2020-12-06 20:34:06.416611,992.0
2020-12-06 20:34:06.928335,999.0
2020-12-06 20:34:07.439762,995.0
2020-12-06 20:34:07.950609,998.0
2020-12-06 20:34:08.477849,984.0
2020-12-06 20:34:08.989372,995.0
2020-12-06 20:34:09.500777,975.0
2020-12-06 20:34:10.012181,993.0
2020-12-06 20:34:10.507338,976.0
2020-12-06 20:34:11.018562,975.0
2020-12-06 20:34:11.530000,982.0
2020-12-06 20:34:12.041227,994.0
2020-12-06 20:34:12.552722,977.0
2020-12-06 20:34:13.063461,1004.0
2020-12-06 20:34:13.575347,989.0
2020-12-06 20:34:14.086674,980.0
2020-12-06 20:34:14.629842,976.0
2020-12-06 20:34:15.157174,975.0
2020-12-06 20:34:15.668446,984.0
2020-12-06 20:34:16.179712,989.0
2020-12-06 20:34:16.691089,1006.0
2020-12-06 20:34:17.186356,981.0
2020-12-06 20:34:17.697719,975.0
2020-12-06 20:34:18.224972,987.0
2020-12-06 20:34:18.752263,990.0
2020-12-06 20:34:19.263483,995.0
2020-12-06 20:34:19.838798,980.0
2020-12-06 20:34:20.350048,992.0
2020-12-06 20:34:20.845458,978.0
2020-12-06 20:34:21.388731,978.0
2020-12-06 20:34:21.900134,992.0
2020-12-06 20:34:22.411428,988.0
2020-12-06 20:34:22.922820,988.0
2020-12-06 20:34:23.433916,984.0
2020-12-06 20:34:23.961441,988.0
2020-12-06 20:34:24.472624,988.0
2020-12-06 20:34:24.984154,1006.0
2020-12-06 20:34:25.495447,978.0
2020-12-06 20:34:26.006715,974.0
2020-12-06 20:34:26.502053,976.0
2020-12-06 20:34:27.013296,999.0
2020-12-06 20:34:27.524633,980.0
2020-12-06 20:34:28.035989,976.0
2020-12-06 20:34:28.547371,979.0
2020-12-06 20:34:29.074568,975.0
2020-12-06 20:34:29.585821,972.0
2020-12-06 20:34:30.113114,973.0
2020-12-06 20:34:32.238111,1001.0
2020-12-06 20:34:32.749370,980.0
2020-12-06 20:34:33.276482,982.0
2020-12-06 20:34:33.803855,986.0
2020-12-06 20:34:34.347144,994.0
2020-12-06 20:34:34.874306,981.0
2020-12-06 20:34:35.369605,995.0
2020-12-06 20:34:35.880834,975.0
2020-12-06 20:34:36.408177,989.0
2020-12-06 20:34:36.919554,984.0
2020-12-06 20:34:37.430844,992.0
2020-12-06 20:34:37.942202,988.0
2020-12-06 20:34:38.453443,997.0
2020-12-06 20:34:38.948939,975.0
2020-12-06 20:34:39.459615,981.0
2020-12-06 20:34:39.971314,977.0
2020-12-06 20:34:40.482627,995.0
2020-12-06 20:34:40.994032,987.0
2020-12-06 20:34:42.032521,979.0
2020-12-06 20:34:42.575656,975.0
2020-12-06 20:34:43.087089,998.0
2020-12-06 20:34:43.597984,995.0
2020-12-06 20:34:44.109664,980.0
2020-12-06 20:34:44.620820,992.0
2020-12-06 20:34:45.138419,984.0
2020-12-06 20:34:45.643111,998.0
2020-12-06 20:34:46.138738,974.0
2020-12-06 20:34:46.650158,976.0
2020-12-06 20:34:47.161495,994.0
2020-12-06 20:34:47.672776,973.0
2020-12-06 20:34:48.168014,976.0
2020-12-06 20:34:48.679445,986.0
2020-12-06 20:34:49.190582,1010.0
2020-12-06 20:34:49.717597,988.0
2020-12-06 20:34:50.229216,979.0
2020-12-06 20:34:50.724531,984.0
2020-12-06 20:34:51.251635,1001.0
2020-12-06 20:34:51.763155,988.0
2020-12-06 20:34:52.274460,981.0
2020-12-06 20:34:52.785787,1004.0
2020-12-06 20:34:53.297009,981.0
2020-12-06 20:34:55.342435,984.0
2020-12-06 20:34:55.869557,980.0
2020-12-06 20:34:56.380859,1006.0
2020-12-06 20:34:56.876263,984.0
2020-12-06 20:34:57.387236,998.0
2020-12-06 20:34:57.898849,1002.0
2020-12-06 20:34:58.409990,982.0
2020-12-06 20:34:58.905434,979.0
2020-12-06 20:34:59.416717,988.0
2020-12-06 20:34:59.928087,992.0
2020-12-06 20:35:00.439267,979.0
2020-12-06 20:35:00.950676,981.0
2020-12-06 20:35:01.462117,995.0
2020-12-06 20:35:01.956858,998.0
2020-12-06 20:35:02.468547,982.0
2020-12-06 20:35:02.979746,980.0
2020-12-06 20:35:03.491312,1002.0
2020-12-06 20:35:04.002335,978.0
2020-12-06 20:35:04.497868,982.0
2020-12-06 20:35:05.009154,984.0
2020-12-06 20:35:05.520454,982.0
2020-12-06 20:35:06.031877,987.0
2020-12-06 20:35:06.543043,974.0
2020-12-06 20:35:07.054908,982.0
2020-12-06 20:35:07.549767,992.0
2020-12-06 20:35:08.061080,991.0
2020-12-06 20:35:08.572365,988.0
2020-12-06 20:35:09.083314,990.0
2020-12-06 20:35:09.611078,991.0
2020-12-06 20:35:10.154276,988.0
2020-12-06 20:35:10.697516,988.0
2020-12-06 20:35:11.240610,992.0
2020-12-06 20:35:11.752054,977.0
2020-12-06 20:35:12.279131,988.0
2020-12-06 20:35:12.790722,978.0
2020-12-06 20:35:13.301926,991.0
2020-12-06 20:35:13.829104,992.0
2020-12-06 20:35:14.372356,1004.0
2020-12-06 20:35:14.899805,978.0
2020-12-06 20:35:15.427011,977.0
2020-12-06 20:35:15.938766,980.0
2020-12-06 20:35:16.449510,983.0
2020-12-06 20:35:16.960808,995.0
2020-12-06 20:35:17.456482,977.0
2020-12-06 20:35:17.967108,1012.0
2020-12-06 20:35:18.478530,980.0
2020-12-06 20:35:18.990583,1007.0
2020-12-06 20:35:19.501448,984.0
2020-12-06 20:35:20.012818,984.0
2020-12-06 20:35:20.508175,977.0
2020-12-06 20:35:21.019611,985.0
2020-12-06 20:35:21.530851,979.0
2020-12-06 20:35:22.042077,994.0
2020-12-06 20:35:22.553160,978.0
2020-12-06 20:35:23.048729,978.0
2020-12-06 20:35:23.559965,993.0
2020-12-06 20:35:24.071426,976.0
2020-12-06 20:35:24.582548,977.0
2020-12-06 20:35:25.078276,997.0
2020-12-06 20:35:25.588933,1005.0
2020-12-06 20:35:26.100616,977.0
2020-12-06 20:35:26.611945,982.0
2020-12-06 20:35:27.122849,985.0
2020-12-06 20:35:27.634224,999.0
2020-12-06 20:35:28.145636,977.0
2020-12-06 20:35:28.657076,987.0
2020-12-06 20:35:29.168387,1003.0
2020-12-06 20:35:29.679841,975.0
2020-12-06 20:35:30.191050,979.0
2020-12-06 20:35:30.686328,977.0
2020-12-06 20:35:31.197655,990.0
2020-12-06 20:35:31.708857,974.0
2020-12-06 20:35:32.252117,987.0
2020-12-06 20:35:32.779617,980.0
2020-12-06 20:35:33.290704,995.0
2020-12-06 20:35:34.361050,993.0
2020-12-06 20:35:34.872533,976.0
2020-12-06 20:35:35.383822,987.0
2020-12-06 20:35:36.454364,993.0
2020-12-06 20:35:36.997630,973.0
2020-12-06 20:35:37.524795,988.0
2020-12-06 20:35:38.036178,975.0
2020-12-06 20:35:38.547187,982.0
2020-12-06 20:35:39.058433,987.0
2020-12-06 20:35:39.553457,1003.0
2020-12-06 20:35:40.065148,979.0
2020-12-06 20:35:40.576485,973.0
2020-12-06 20:35:41.087749,984.0
2020-12-06 20:35:41.598766,993.0
2020-12-06 20:35:42.126354,977.0
2020-12-06 20:35:42.637628,988.0
2020-12-06 20:35:43.149130,980.0
2020-12-06 20:35:43.660314,980.0
2020-12-06 20:35:44.171564,973.0
2020-12-06 20:35:44.682941,993.0
2020-12-06 20:35:45.194318,988.0
2020-12-06 20:35:45.705597,1008.0
2020-12-06 20:35:46.216598,979.0
2020-12-06 20:35:46.712074,989.0
2020-12-06 20:35:47.239413,977.0
2020-12-06 20:35:47.766498,956.0
2020-12-06 20:35:48.277976,953.0
2020-12-06 20:35:48.789417,953.0
2020-12-06 20:35:49.300586,955.0
2020-12-06 20:35:49.811966,963.0
2020-12-06 20:35:50.307600,964.0
2020-12-06 20:35:50.834700,966.0
2020-12-06 20:35:51.345891,981.0
2020-12-06 20:35:51.857028,966.0
2020-12-06 20:35:52.352383,974.0
2020-12-06 20:35:52.863729,981.0
2020-12-06 20:35:53.374986,982.0
2020-12-06 20:35:53.886192,973.0
2020-12-06 20:35:54.397428,967.0
2020-12-06 20:35:54.908803,975.0
2020-12-06 20:35:55.420155,1002.0
2020-12-06 20:35:55.931554,967.0
2020-12-06 20:35:56.442895,979.0
2020-12-06 20:35:56.954217,963.0
2020-12-06 20:35:57.465333,965.0
2020-12-06 20:35:57.992484,974.0
2020-12-06 20:35:58.503898,961.0
2020-12-06 20:35:59.015223,964.0
2020-12-06 20:35:59.526658,950.0
2020-12-06 20:36:00.037744,967.0
2020-12-06 20:36:00.549056,984.0
2020-12-06 20:36:01.060363,981.0
2020-12-06 20:36:01.571780,960.0
2020-12-06 20:36:02.083030,949.0
2020-12-06 20:36:02.594394,961.0
2020-12-06 20:36:03.105683,972.0
2020-12-06 20:36:03.648899,993.0
2020-12-06 20:36:04.160243,960.0
2020-12-06 20:36:04.655764,965.0
2020-12-06 20:36:05.166820,967.0
2020-12-06 20:36:05.678023,996.0
2020-12-06 20:36:06.189568,996.0
2020-12-06 20:36:06.716713,974.0
2020-12-06 20:36:07.228458,991.0
2020-12-06 20:36:07.771241,975.0
2020-12-06 20:36:08.282437,988.0
2020-12-06 20:36:08.794038,989.0
2020-12-06 20:36:09.305107,977.0
2020-12-06 20:36:09.800374,992.0
2020-12-06 20:36:10.311618,977.0
2020-12-06 20:36:10.823288,974.0
2020-12-06 20:36:11.334616,986.0
2020-12-06 20:36:11.845724,975.0
2020-12-06 20:36:12.357072,988.0
2020-12-06 20:36:12.852137,1004.0
2020-12-06 20:36:13.363504,986.0
2020-12-06 20:36:13.874736,986.0
2020-12-06 20:36:14.386053,1002.0
2020-12-06 20:36:14.897452,973.0
2020-12-06 20:36:15.408693,975.0
2020-12-06 20:36:15.903566,974.0
2020-12-06 20:36:16.415409,990.0
2020-12-06 20:36:16.926552,973.0
2020-12-06 20:36:17.437923,993.0
2020-12-06 20:36:17.949417,972.0
2020-12-06 20:36:18.444632,984.0
2020-12-06 20:36:18.955993,984.0
2020-12-06 20:36:19.466828,999.0
2020-12-06 20:36:19.978873,982.0
2020-12-06 20:36:20.489772,973.0
2020-12-06 20:36:20.985010,972.0
2020-12-06 20:36:21.496218,979.0
2020-12-06 20:36:22.007945,984.0
2020-12-06 20:36:22.518948,974.0
2020-12-06 20:36:23.030334,980.0
2020-12-06 20:36:23.526355,993.0
2020-12-06 20:36:24.036900,975.0
2020-12-06 20:36:24.548251,973.0
2020-12-06 20:36:25.059511,978.0
2020-12-06 20:36:25.554843,985.0
2020-12-06 20:36:26.081975,993.0
2020-12-06 20:36:26.578253,987.0
2020-12-06 20:36:27.088826,984.0
2020-12-06 20:36:27.600034,982.0
2020-12-06 20:36:28.111534,967.0
2020-12-06 20:36:28.654532,972.0
2020-12-06 20:36:29.150052,989.0
2020-12-06 20:36:29.677209,984.0
2020-12-06 20:36:30.220437,992.0
2020-12-06 20:36:30.731826,979.0
2020-12-06 20:36:31.259076,967.0
2020-12-06 20:36:31.802435,969.0
2020-12-06 20:36:32.313793,977.0
2020-12-06 20:36:32.825304,988.0
2020-12-06 20:36:33.336496,985.0
2020-12-06 20:36:33.847577,982.0
2020-12-06 20:36:34.358696,982.0
2020-12-06 20:36:34.854249,972.0
2020-12-06 20:36:35.365816,998.0
2020-12-06 20:36:35.877025,974.0
2020-12-06 20:36:36.388531,993.0
2020-12-06 20:36:36.899390,980.0
2020-12-06 20:36:37.394956,982.0
2020-12-06 20:36:37.906464,987.0
2020-12-06 20:36:38.417078,980.0
2020-12-06 20:36:38.928823,983.0
2020-12-06 20:36:39.440017,984.0
2020-12-06 20:36:39.950976,988.0
2020-12-06 20:36:40.446768,986.0
2020-12-06 20:36:40.958154,972.0
2020-12-06 20:36:41.469302,1000.0
2020-12-06 20:36:41.980846,984.0
2020-12-06 20:36:42.491807,975.0
2020-12-06 20:36:42.986945,967.0
2020-12-06 20:36:43.498470,985.0
2020-12-06 20:36:44.010029,978.0
2020-12-06 20:36:44.521446,969.0
2020-12-06 20:36:45.032460,974.0
2020-12-06 20:36:45.543896,977.0
2020-12-06 20:36:46.055379,989.0
2020-12-06 20:36:46.566393,995.0
2020-12-06 20:36:47.077470,984.0
2020-12-06 20:36:47.573079,974.0
2020-12-06 20:36:48.084467,978.0
2020-12-06 20:36:48.595880,982.0
2020-12-06 20:36:49.106826,971.0
2020-12-06 20:36:49.602317,973.0
2020-12-06 20:36:50.113726,999.0
2020-12-06 20:36:50.625196,987.0
2020-12-06 20:36:51.136124,981.0
2020-12-06 20:36:51.647920,998.0
2020-12-06 20:36:52.158618,993.0
2020-12-06 20:36:52.654175,990.0
2020-12-06 20:36:53.165972,1004.0
2020-12-06 20:36:53.709089,985.0
2020-12-06 20:36:54.220260,969.0
2020-12-06 20:36:54.731305,986.0
2020-12-06 20:36:55.242779,971.0
2020-12-06 20:36:55.738658,977.0
2020-12-06 20:36:56.249713,977.0
2020-12-06 20:36:56.760808,990.0
2020-12-06 20:36:57.272132,968.0
2020-12-06 20:36:57.783566,988.0
2020-12-06 20:36:58.294858,990.0
2020-12-06 20:36:58.789989,988.0
2020-12-06 20:36:59.301237,985.0
2020-12-06 20:36:59.812727,988.0
2020-12-06 20:37:00.323903,973.0
2020-12-06 20:37:00.819371,974.0
2020-12-06 20:37:01.330515,985.0
2020-12-06 20:37:01.841809,980.0
2020-12-06 20:37:02.353338,986.0
2020-12-06 20:37:02.864349,974.0
2020-12-06 20:37:03.375834,1000.0
2020-12-06 20:37:03.886888,967.0
2020-12-06 20:37:04.398126,1003.0
2020-12-06 20:37:04.893616,984.0
2020-12-06 20:37:05.405079,987.0
2020-12-06 20:37:05.916530,969.0
2020-12-06 20:37:06.427645,987.0
2020-12-06 20:37:06.938803,974.0
2020-12-06 20:37:07.451683,986.0
2020-12-06 20:37:07.961577,974.0
2020-12-06 20:37:08.472668,975.0
2020-12-06 20:37:08.984179,978.0
2020-12-06 20:37:11.013805,968.0
2020-12-06 20:37:11.524989,990.0
2020-12-06 20:37:12.036227,976.0
2020-12-06 20:37:12.547520,978.0
2020-12-06 20:37:13.058317,975.0
2020-12-06 20:37:13.569806,987.0
2020-12-06 20:37:14.081191,990.0
2020-12-06 20:37:14.592684,986.0
2020-12-06 20:37:15.104069,979.0
2020-12-06 20:37:15.615106,995.0
2020-12-06 20:37:16.110909,991.0
2020-12-06 20:37:16.622201,1001.0
2020-12-06 20:37:17.133357,995.0
2020-12-06 20:37:17.644730,974.0
2020-12-06 20:37:18.156022,982.0
2020-12-06 20:37:18.667360,966.0
2020-12-06 20:37:19.178187,972.0
2020-12-06 20:37:19.674068,995.0
2020-12-06 20:37:20.185361,969.0
2020-12-06 20:37:20.696705,971.0
2020-12-06 20:37:21.207977,975.0
2020-12-06 20:37:22.246581,991.0
2020-12-06 20:37:24.419581,983.0
2020-12-06 20:37:24.946874,988.0
2020-12-06 20:37:25.490235,974.0
2020-12-06 20:37:26.017513,976.0
2020-12-06 20:37:26.560653,973.0
2020-12-06 20:37:27.103812,980.0
2020-12-06 20:37:27.599293,985.0
2020-12-06 20:37:28.142608,988.0
2020-12-06 20:37:28.653948,984.0
2020-12-06 20:37:29.165171,972.0
2020-12-06 20:37:29.676550,993.0
2020-12-06 20:37:30.171841,971.0
2020-12-06 20:37:30.698777,986.0
2020-12-06 20:37:31.194486,981.0
2020-12-06 20:37:31.705669,992.0
2020-12-06 20:37:32.217076,991.0
2020-12-06 20:37:32.728329,977.0
2020-12-06 20:37:33.239618,991.0
2020-12-06 20:37:33.750923,1000.0
2020-12-06 20:37:34.262215,983.0
2020-12-06 20:37:34.773505,995.0
2020-12-06 20:37:35.284628,989.0
2020-12-06 20:37:35.796002,966.0
2020-12-06 20:37:36.291523,972.0
2020-12-06 20:37:36.802758,991.0
2020-12-06 20:37:37.313992,971.0
2020-12-06 20:37:37.825690,986.0
2020-12-06 20:37:38.336687,981.0
2020-12-06 20:37:38.863666,974.0
2020-12-06 20:37:39.375058,988.0
2020-12-06 20:37:39.870299,975.0
2020-12-06 20:37:40.381770,980.0
2020-12-06 20:37:40.893143,976.0
2020-12-06 20:37:41.404347,985.0
2020-12-06 20:37:41.915605,971.0
2020-12-06 20:37:42.427025,977.0
2020-12-06 20:37:43.513769,973.0
2020-12-06 20:37:44.040940,1001.0
2020-12-06 20:37:44.552143,987.0
2020-12-06 20:37:45.079533,975.0
2020-12-06 20:37:45.606842,993.0
2020-12-06 20:37:46.118135,977.0
2020-12-06 20:37:46.629406,995.0
2020-12-06 20:37:47.140680,980.0
2020-12-06 20:37:47.652044,988.0
2020-12-06 20:37:48.178828,989.0
2020-12-06 20:37:48.690698,976.0
2020-12-06 20:37:49.201722,989.0
2020-12-06 20:37:49.713142,980.0
2020-12-06 20:37:50.224599,993.0
2020-12-06 20:37:50.735848,985.0
2020-12-06 20:37:51.263035,982.0
2020-12-06 20:37:51.774383,975.0
2020-12-06 20:37:52.301549,976.0
2020-12-06 20:37:52.796923,988.0
2020-12-06 20:37:53.308163,974.0
2020-12-06 20:37:53.819474,992.0
2020-12-06 20:37:54.330683,976.0
2020-12-06 20:37:54.842016,978.0
2020-12-06 20:37:55.353367,993.0
2020-12-06 20:37:55.864640,995.0
2020-12-06 20:37:56.375933,970.0
2020-12-06 20:37:56.887435,970.0
2020-12-06 20:37:57.414597,988.0
2020-12-06 20:37:57.925922,972.0
2020-12-06 20:37:58.437246,1004.0
2020-12-06 20:37:58.932523,968.0
2020-12-06 20:37:59.443777,999.0
2020-12-06 20:37:59.970997,982.0
2020-12-06 20:38:00.482269,978.0
2020-12-06 20:38:00.993601,967.0
2020-12-06 20:38:01.504567,988.0
2020-12-06 20:38:02.016310,967.0
2020-12-06 20:38:02.527629,983.0
2020-12-06 20:38:03.038964,979.0
2020-12-06 20:38:03.550121,980.0
2020-12-06 20:38:04.061573,977.0
2020-12-06 20:38:04.572790,979.0
2020-12-06 20:38:05.084230,979.0
2020-12-06 20:38:05.579458,1008.0
2020-12-06 20:38:06.090844,982.0
2020-12-06 20:38:06.602026,987.0
2020-12-06 20:38:07.113274,981.0
2020-12-06 20:38:07.624290,985.0
2020-12-06 20:38:08.119601,986.0
2020-12-06 20:38:08.631169,975.0
2020-12-06 20:38:09.142431,989.0
2020-12-06 20:38:09.653859,971.0
2020-12-06 20:38:10.165080,989.0
2020-12-06 20:38:10.660266,980.0
2020-12-06 20:38:11.171566,982.0
2020-12-06 20:38:11.682968,995.0
2020-12-06 20:38:12.210088,980.0
2020-12-06 20:38:12.721481,988.0
2020-12-06 20:38:13.232778,997.0
2020-12-06 20:38:13.743823,988.0
2020-12-06 20:38:14.238829,982.0
2020-12-06 20:38:14.766287,979.0
2020-12-06 20:38:15.293976,989.0
2020-12-06 20:38:15.805079,978.0
2020-12-06 20:38:16.859115,973.0
2020-12-06 20:38:17.402855,984.0
2020-12-06 20:38:18.473256,991.0
2020-12-06 20:38:19.016532,1004.0
2020-12-06 20:38:19.527526,979.0
2020-12-06 20:38:20.039023,976.0
2020-12-06 20:38:20.582213,987.0
2020-12-06 20:38:21.125496,1007.0
2020-12-06 20:38:23.154910,979.0
2020-12-06 20:38:23.666044,975.0
2020-12-06 20:38:24.177267,979.0
2020-12-06 20:38:24.688716,1004.0
2020-12-06 20:38:25.200109,1009.0
2020-12-06 20:38:25.711403,990.0
2020-12-06 20:38:26.206548,973.0
2020-12-06 20:38:26.717853,956.0
2020-12-06 20:38:27.229174,1000.0
2020-12-06 20:38:27.740661,971.0
2020-12-06 20:38:28.251933,964.0
2020-12-06 20:38:28.762823,975.0
2020-12-06 20:38:29.258434,979.0
2020-12-06 20:38:29.769728,1009.0
2020-12-06 20:38:30.280959,1001.0
2020-12-06 20:38:30.792135,980.0
2020-12-06 20:38:31.303573,975.0
2020-12-06 20:38:31.814393,980.0
2020-12-06 20:38:32.309898,974.0
2020-12-06 20:38:32.821711,988.0
2020-12-06 20:38:33.332815,986.0
2020-12-06 20:38:33.844270,992.0
2020-12-06 20:38:34.355383,993.0
2020-12-06 20:38:34.850618,975.0
2020-12-06 20:38:35.377504,983.0
2020-12-06 20:38:35.873502,980.0
2020-12-06 20:38:36.384988,986.0
2020-12-06 20:38:36.895865,983.0
2020-12-06 20:38:37.407349,1008.0
2020-12-06 20:38:37.918679,980.0
2020-12-06 20:38:38.446248,973.0
2020-12-06 20:38:38.956718,977.0
2020-12-06 20:38:39.484565,1008.0
2020-12-06 20:38:40.027771,974.0
2020-12-06 20:38:40.538572,999.0
2020-12-06 20:38:41.050071,978.0
2020-12-06 20:38:41.561652,981.0
2020-12-06 20:38:43.590827,969.0
2020-12-06 20:38:44.102262,966.0
2020-12-06 20:38:44.612942,974.0
2020-12-06 20:38:45.124579,983.0
2020-12-06 20:38:45.635987,1006.0
2020-12-06 20:38:46.147396,972.0
2020-12-06 20:38:46.658534,986.0
2020-12-06 20:38:47.154237,1003.0
2020-12-06 20:38:47.665714,976.0
2020-12-06 20:38:48.176722,975.0
2020-12-06 20:38:48.687960,973.0
2020-12-06 20:38:49.199182,995.0
2020-12-06 20:38:49.710597,987.0
2020-12-06 20:38:50.205695,982.0
2020-12-06 20:38:50.717114,986.0
2020-12-06 20:38:51.228194,988.0
2020-12-06 20:38:51.739631,985.0
2020-12-06 20:38:52.250694,977.0
2020-12-06 20:38:52.746136,982.0
2020-12-06 20:38:53.257371,985.0
2020-12-06 20:38:53.768972,982.0
2020-12-06 20:38:54.280125,956.0
2020-12-06 20:38:54.791440,1004.0
2020-12-06 20:38:55.286728,972.0
2020-12-06 20:38:55.798064,962.0
2020-12-06 20:38:56.309477,971.0
2020-12-06 20:38:56.820729,995.0
2020-12-06 20:38:57.331932,979.0
2020-12-06 20:38:57.827430,984.0
2020-12-06 20:38:58.338773,977.0
2020-12-06 20:38:58.850064,991.0
2020-12-06 20:38:59.361366,979.0
2020-12-06 20:38:59.872319,969.0
2020-12-06 20:39:00.368015,979.0
2020-12-06 20:39:00.878892,1000.0
2020-12-06 20:39:01.390705,980.0
2020-12-06 20:39:01.902066,980.0
2020-12-06 20:39:02.397349,974.0
2020-12-06 20:39:02.908507,996.0
2020-12-06 20:39:03.419885,960.0
2020-12-06 20:39:03.930986,956.0
2020-12-06 20:39:04.442081,978.0
2020-12-06 20:39:04.937543,975.0
2020-12-06 20:39:05.448989,983.0
2020-12-06 20:39:05.960306,955.0
2020-12-06 20:39:06.471703,977.0
2020-12-06 20:39:06.982499,955.0
2020-12-06 20:39:07.478326,953.0
2020-12-06 20:39:07.989642,959.0
2020-12-06 20:39:08.500839,951.0
2020-12-06 20:39:09.011585,958.0
2020-12-06 20:39:09.507323,967.0
2020-12-06 20:39:10.018749,992.0
2020-12-06 20:39:10.529881,966.0
2020-12-06 20:39:11.041321,950.0
2020-12-06 20:39:11.552563,952.0
2020-12-06 20:39:12.047774,949.0
2020-12-06 20:39:12.559221,1005.0
2020-12-06 20:39:13.070503,980.0
2020-12-06 20:39:13.581774,951.0
2020-12-06 20:39:14.093044,953.0
2020-12-06 20:39:14.588267,955.0
2020-12-06 20:39:15.099479,980.0
2020-12-06 20:39:15.610707,950.0
2020-12-06 20:39:16.122021,976.0
2020-12-06 20:39:16.633240,985.0
2020-12-06 20:39:17.144581,980.0
2020-12-06 20:39:17.639904,1009.0
2020-12-06 20:39:18.151368,999.0
2020-12-06 20:39:18.662641,990.0
2020-12-06 20:39:19.173752,980.0
2020-12-06 20:39:19.685237,988.0
2020-12-06 20:39:20.196474,1008.0
2020-12-06 20:39:20.707553,981.0
2020-12-06 20:39:21.202722,986.0
2020-12-06 20:39:21.714319,980.0
2020-12-06 20:39:22.225720,1004.0
2020-12-06 20:39:22.736695,982.0
2020-12-06 20:39:23.248128,990.0
2020-12-06 20:39:23.743153,988.0
2020-12-06 20:39:24.254826,985.0
2020-12-06 20:41:42.984215,1011.0
2020-12-06 20:41:43.495455,1004.0
2020-12-06 20:41:44.006569,1008.0
2020-12-06 20:41:44.517472,1014.0
2020-12-06 20:41:45.013092,1001.0
2020-12-06 20:41:45.524254,1007.0
2020-12-06 20:41:46.035891,990.0
2020-12-06 20:41:46.547190,995.0
2020-12-06 20:41:47.042374,995.0
2020-12-06 20:41:47.553548,999.0
2020-12-06 20:41:48.065026,1010.0
2020-12-06 20:41:48.576238,947.0
2020-12-06 20:41:49.087454,947.0
2020-12-06 20:41:49.582671,950.0
2020-12-06 20:41:50.093872,952.0
2020-12-06 20:41:50.605305,953.0
2020-12-06 20:41:51.116441,967.0
2020-12-06 20:41:51.627644,946.0
2020-12-06 20:41:52.123168,957.0
2020-12-06 20:41:52.634482,947.0
2020-12-06 20:41:52.698133,947.0
2020-12-06 20:41:53.145670,955.0
2020-12-06 20:41:53.657036,948.0
2020-12-06 20:41:54.168213,946.0
2020-12-06 20:41:54.679569,990.0
2020-12-06 20:41:55.174749,991.0
2020-12-06 20:41:55.685904,956.0
2020-12-06 20:41:56.197248,962.0
2020-12-06 20:41:56.708705,1003.0
2020-12-06 20:41:57.219898,963.0
2020-12-06 20:41:57.715143,961.0
2020-12-06 20:41:58.226606,955.0
2020-12-06 20:41:58.737906,993.0
2020-12-06 20:41:59.249023,958.0
2020-12-06 20:41:59.760129,956.0
2020-12-06 20:42:00.255817,957.0
2020-12-06 20:42:00.766964,978.0
2020-12-06 20:42:01.278440,953.0
2020-12-06 20:42:01.790065,951.0
2020-12-06 20:42:02.285079,957.0
2020-12-06 20:42:02.796527,985.0
2020-12-06 20:42:03.307800,959.0
2020-12-06 20:42:03.819191,957.0
2020-12-06 20:42:04.330322,962.0
2020-12-06 20:42:04.825810,997.0
2020-12-06 20:42:05.337084,952.0
2020-12-06 20:42:05.848440,951.0
2020-12-06 20:42:06.359642,956.0
2020-12-06 20:42:06.870782,985.0
2020-12-06 20:42:07.366319,965.0
2020-12-06 20:42:07.877451,963.0
2020-12-06 20:42:08.388938,1001.0
2020-12-06 20:42:08.900239,951.0
2020-12-06 20:42:09.395490,951.0
2020-12-06 20:42:09.906758,951.0
2020-12-06 20:42:10.418203,951.0
2020-12-06 20:42:10.929508,1002.0
2020-12-06 20:42:11.440682,968.0
2020-12-06 20:42:11.936111,956.0
2020-12-06 20:42:12.447467,956.0
2020-12-06 20:42:12.958763,971.0
2020-12-06 20:42:13.470320,956.0
2020-12-06 20:42:13.981380,955.0
2020-12-06 20:42:14.476868,977.0
2020-12-06 20:42:14.988166,953.0
2020-12-06 20:42:15.499450,964.0
2020-12-06 20:42:16.011460,960.0
2020-12-06 20:42:16.506091,964.0
2020-12-06 20:42:17.016847,952.0
2020-12-06 20:42:17.528625,976.0
2020-12-06 20:42:18.039916,968.0
2020-12-06 20:42:18.551229,949.0
2020-12-06 20:42:19.062199,987.0
2020-12-06 20:42:19.557905,952.0
2020-12-06 20:42:20.069289,949.0
2020-12-06 20:42:20.580428,949.0
2020-12-06 20:42:21.091718,990.0
2020-12-06 20:42:21.587250,952.0
2020-12-06 20:42:22.098572,961.0
2020-12-06 20:42:22.610049,980.0
2020-12-06 20:42:23.121307,945.0
2020-12-06 20:42:23.632301,945.0
2020-12-06 20:42:24.127804,992.0
2020-12-06 20:42:24.638931,965.0
2020-12-06 20:42:25.150134,958.0
2020-12-06 20:42:25.661491,956.0
2020-12-06 20:42:26.173091,958.0
2020-12-06 20:42:26.667773,954.0
2020-12-06 20:42:27.179414,982.0
2020-12-06 20:42:27.690695,962.0
2020-12-06 20:42:28.202188,975.0
2020-12-06 20:42:28.713406,961.0
2020-12-06 20:42:29.208868,972.0
2020-12-06 20:42:29.719991,980.0
2020-12-06 20:42:30.231401,988.0
2020-12-06 20:42:30.742560,945.0
2020-12-06 20:42:31.253728,950.0
2020-12-06 20:42:31.749127,983.0
2020-12-06 20:42:32.260487,955.0
2020-12-06 20:42:32.771419,950.0
2020-12-06 20:42:33.283008,991.0
2020-12-06 20:42:33.777952,946.0
2020-12-06 20:42:34.289499,953.0
2020-12-06 20:42:34.800777,960.0
2020-12-06 20:42:35.312152,969.0
2020-12-06 20:42:35.823604,953.0
2020-12-06 20:42:36.319096,946.0
2020-12-06 20:42:36.830331,989.0
2020-12-06 20:42:37.341680,950.0
2020-12-06 20:42:37.852689,956.0
2020-12-06 20:42:38.363706,974.0
2020-12-06 20:42:38.859572,957.0
2020-12-06 20:42:39.371041,952.0
2020-12-06 20:42:39.882050,954.0
2020-12-06 20:42:40.393462,996.0
2020-12-06 20:42:40.888693,955.0
2020-12-06 20:42:41.400951,958.0
2020-12-06 20:42:41.911317,991.0
2020-12-06 20:42:42.422554,960.0
2020-12-06 20:42:42.933572,953.0
2020-12-06 20:42:43.429263,1007.0
2020-12-06 20:42:43.940172,956.0
2020-12-06 20:42:44.452774,965.0
2020-12-06 20:42:44.962977,989.0
2020-12-06 20:42:45.458438,956.0
2020-12-06 20:42:45.985590,971.0
2020-12-06 20:42:46.528973,956.0
2020-12-06 20:42:47.072113,947.0
2020-12-06 20:42:47.601353,947.0
2020-12-06 20:42:48.126544,955.0
2020-12-06 20:42:48.638098,961.0
2020-12-06 20:42:49.149372,961.0
2020-12-06 20:42:49.660614,984.0
2020-12-06 20:42:50.155988,954.0
2020-12-06 20:42:50.667353,951.0
2020-12-06 20:42:51.178703,974.0
2020-12-06 20:42:51.690073,948.0
2020-12-06 20:42:52.185288,993.0
2020-12-06 20:42:52.696415,960.0
2020-12-06 20:42:53.207816,956.0
2020-12-06 20:42:53.719228,952.0
2020-12-06 20:42:54.230226,990.0
2020-12-06 20:42:54.725871,958.0
2020-12-06 20:42:55.236939,959.0
2020-12-06 20:42:55.747948,961.0
2020-12-06 20:42:56.259349,990.0
2020-12-06 20:42:56.754644,956.0
2020-12-06 20:42:57.266116,948.0
2020-12-06 20:42:57.777772,968.0
2020-12-06 20:42:58.289032,984.0
2020-12-06 20:42:58.800298,956.0
2020-12-06 20:42:59.311508,956.0
2020-12-06 20:42:59.822835,958.0
2020-12-06 20:43:00.334465,950.0
2020-12-06 20:43:00.861630,952.0
2020-12-06 20:43:01.389042,964.0
2020-12-06 20:43:01.916205,948.0
2020-12-06 20:43:02.411604,952.0
2020-12-06 20:43:02.922717,963.0
2020-12-06 20:43:03.434141,953.0
2020-12-06 20:43:03.945187,984.0
2020-12-06 20:43:04.440331,947.0
2020-12-06 20:43:04.952135,953.0
2020-12-06 20:43:05.463844,984.0
2020-12-06 20:43:05.974717,983.0
2020-12-06 20:43:06.469968,958.0
2020-12-06 20:43:06.981234,948.0
2020-12-06 20:43:07.492548,989.0
2020-12-06 20:43:08.003726,950.0
2020-12-06 20:43:08.514862,953.0
2020-12-06 20:43:09.010142,972.0
2020-12-06 20:43:09.521510,996.0
2020-12-06 20:43:10.032875,963.0
2020-12-06 20:43:10.544118,948.0
2020-12-06 20:43:11.055226,960.0
2020-12-06 20:43:11.550536,983.0
2020-12-06 20:43:12.061754,954.0
2020-12-06 20:43:12.573279,970.0
2020-12-06 20:43:13.084794,958.0
2020-12-06 20:43:13.595599,989.0
2020-12-06 20:43:14.090658,950.0
2020-12-06 20:43:14.602967,964.0
2020-12-06 20:43:15.113044,992.0
2020-12-06 20:43:15.624471,952.0
2020-12-06 20:43:16.120185,948.0
2020-12-06 20:43:16.647364,993.0
2020-12-06 20:43:17.142914,955.0
2020-12-06 20:43:17.654162,958.0
2020-12-06 20:43:18.149524,989.0
2020-12-06 20:43:18.660807,976.0
2020-12-06 20:43:19.171752,956.0
2020-12-06 20:43:19.683499,953.0
2020-12-06 20:43:20.194609,957.0
2020-12-06 20:43:20.705744,956.0
2020-12-06 20:43:21.201338,987.0
2020-12-06 20:43:21.712599,952.0
2020-12-06 20:43:22.224110,964.0
2020-12-06 20:43:22.735327,982.0
2020-12-06 20:43:23.230717,952.0
2020-12-06 20:43:23.742008,945.0
2020-12-06 20:43:24.253466,964.0
2020-12-06 20:43:24.764913,950.0
2020-12-06 20:43:25.275877,961.0
2020-12-06 20:43:25.771287,958.0
2020-12-06 20:43:26.282720,960.0
2020-12-06 20:43:26.793707,986.0
2020-12-06 20:43:27.304849,947.0
2020-12-06 20:43:27.816316,947.0
2020-12-06 20:43:28.311983,962.0
2020-12-06 20:43:28.823234,991.0
2020-12-06 20:43:29.334387,953.0
2020-12-06 20:43:29.845576,949.0
2020-12-06 20:43:30.356418,949.0
2020-12-06 20:43:30.851844,969.0
2020-12-06 20:43:31.363554,947.0
2020-12-06 20:43:31.874491,962.0
2020-12-06 20:43:32.386283,988.0
2020-12-06 20:43:32.881366,957.0
2020-12-06 20:43:33.392628,966.0
2020-12-06 20:43:33.903966,956.0
2020-12-06 20:43:34.415444,964.0
2020-12-06 20:43:34.926587,972.0
2020-12-06 20:43:35.422120,995.0
2020-12-06 20:43:35.933399,972.0
2020-12-06 20:43:36.444646,954.0
2020-12-06 20:43:36.955770,955.0
2020-12-06 20:43:37.467078,975.0
2020-12-06 20:43:37.962534,994.0
2020-12-06 20:43:38.473676,955.0
2020-12-06 20:43:38.984985,963.0
2020-12-06 20:43:39.496279,956.0
2020-12-06 20:43:40.007722,990.0
2020-12-06 20:43:40.502709,946.0
2020-12-06 20:43:41.014020,961.0
2020-12-06 20:43:41.525399,957.0
2020-12-06 20:43:42.036738,984.0
2020-12-06 20:43:42.547898,950.0
2020-12-06 20:43:43.043366,951.0
2020-12-06 20:43:43.554833,951.0
2020-12-06 20:43:44.065991,959.0
2020-12-06 20:43:44.577165,987.0
2020-12-06 20:43:45.088327,956.0
2020-12-06 20:43:45.583386,952.0
2020-12-06 20:43:46.095080,960.0
2020-12-06 20:43:46.606292,982.0
2020-12-06 20:43:47.117684,953.0
2020-12-06 20:43:47.613169,966.0
2020-12-06 20:43:48.124425,947.0
2020-12-06 20:43:48.635674,961.0
2020-12-06 20:43:49.146879,954.0
2020-12-06 20:43:49.658397,983.0
2020-12-06 20:43:50.153473,947.0
2020-12-06 20:43:50.664506,956.0
2020-12-06 20:43:51.175989,977.0
2020-12-06 20:43:51.687850,945.0
2020-12-06 20:43:52.198283,953.0
2020-12-06 20:43:52.693975,962.0
2020-12-06 20:43:53.205263,1005.0
2020-12-06 20:43:53.716471,978.0
2020-12-06 20:43:54.227780,999.0
2020-12-06 20:43:54.739112,994.0
2020-12-06 20:43:55.234514,954.0
2020-12-06 20:43:55.745665,953.0
2020-12-06 20:43:56.256947,983.0
2020-12-06 20:43:56.768395,946.0
2020-12-06 20:43:57.279832,967.0
2020-12-06 20:43:57.790949,982.0
2020-12-06 20:43:58.286093,953.0
2020-12-06 20:43:58.797620,984.0
2020-12-06 20:43:59.309130,954.0
2020-12-06 20:43:59.820099,954.0
2020-12-06 20:44:00.315854,987.0
2020-12-06 20:44:00.826757,947.0
2020-12-06 20:44:01.338223,953.0
2020-12-06 20:44:01.849501,986.0
2020-12-06 20:44:02.360642,966.0
2020-12-06 20:44:02.855847,952.0
2020-12-06 20:44:03.367308,951.0
2020-12-06 20:44:03.878426,961.0
2020-12-06 20:44:04.389756,974.0
2020-12-06 20:44:04.884946,987.0
2020-12-06 20:44:05.396272,949.0
2020-12-06 20:44:05.907578,945.0
2020-12-06 20:44:06.419205,991.0
2020-12-06 20:44:06.929776,947.0
2020-12-06 20:44:07.425431,944.0
2020-12-06 20:44:07.936661,959.0
2020-12-06 20:44:08.447940,987.0
2020-12-06 20:44:08.959105,972.0
2020-12-06 20:44:09.454541,958.0
2020-12-06 20:44:09.965745,990.0
2020-12-06 20:44:10.477243,945.0
2020-12-06 20:44:10.988053,946.0
2020-12-06 20:44:11.499544,955.0
2020-12-06 20:44:11.994742,959.0
2020-12-06 20:44:12.506109,990.0
2020-12-06 20:44:13.017222,949.0
2020-12-06 20:44:13.528718,994.0
2020-12-06 20:44:14.040039,959.0
2020-12-06 20:44:14.567215,963.0
2020-12-06 20:44:15.094331,953.0
2020-12-06 20:44:15.590076,956.0
2020-12-06 20:44:16.101195,967.0
2020-12-06 20:44:16.596619,952.0
2020-12-06 20:44:17.107910,950.0
2020-12-06 20:44:17.619149,956.0
2020-12-06 20:44:18.114577,985.0
2020-12-06 20:44:18.625728,959.0
2020-12-06 20:44:19.136492,961.0
2020-12-06 20:44:19.648085,948.0
2020-12-06 20:44:20.159315,948.0
2020-12-06 20:44:20.654740,946.0
2020-12-06 20:44:21.166387,953.0
2020-12-06 20:44:21.677697,986.0
2020-12-06 20:44:22.189019,953.0
2020-12-06 20:44:22.684413,944.0
2020-12-06 20:44:23.195356,960.0
2020-12-06 20:44:23.706970,972.0
2020-12-06 20:44:24.218469,951.0
2020-12-06 20:44:24.729559,956.0
2020-12-06 20:44:25.224999,949.0
2020-12-06 20:44:25.736362,983.0
2020-12-06 20:44:26.247494,939.0
2020-12-06 20:44:26.758681,941.0
2020-12-06 20:44:27.270016,993.0
2020-12-06 20:44:27.765586,955.0
2020-12-06 20:44:28.276887,953.0
2020-12-06 20:44:28.788065,944.0
2020-12-06 20:44:29.299339,984.0
2020-12-06 20:44:29.794571,945.0
2020-12-06 20:44:30.305803,950.0
2020-12-06 20:44:30.817173,985.0
2020-12-06 20:44:31.328609,947.0
2020-12-06 20:44:31.839691,957.0
2020-12-06 20:44:32.335228,961.0
2020-12-06 20:44:32.846344,993.0
2020-12-06 20:44:33.357673,951.0
2020-12-06 20:44:33.869036,994.0
2020-12-06 20:44:34.379976,957.0
2020-12-06 20:44:34.875490,959.0
2020-12-06 20:44:35.386947,944.0
2020-12-06 20:44:35.898203,988.0
2020-12-06 20:44:36.409456,954.0
2020-12-06 20:44:36.921070,956.0
2020-12-06 20:44:37.416108,965.0
2020-12-06 20:44:37.927008,988.0
2020-12-06 20:44:38.438325,960.0
2020-12-06 20:44:38.950066,946.0
2020-12-06 20:44:39.461244,959.0
2020-12-06 20:44:39.957808,974.0
2020-12-06 20:44:40.467927,958.0
2020-12-06 20:44:40.979266,968.0
2020-12-06 20:44:44.557448,957.0
2020-12-06 20:44:45.068310,957.0
2020-12-06 20:44:45.563778,985.0
2020-12-06 20:44:46.074937,945.0
2020-12-06 20:44:46.602042,952.0
2020-12-06 20:44:47.097708,965.0
2020-12-06 20:44:47.608532,986.0
2020-12-06 20:44:48.104172,969.0
2020-12-06 20:44:48.615447,957.0
2020-12-06 20:44:49.126685,961.0
2020-12-06 20:44:49.637997,978.0
2020-12-06 20:44:50.133440,950.0
2020-12-06 20:44:50.676564,984.0
2020-12-06 20:44:51.156000,954.0
2020-12-06 20:44:51.667211,951.0
2020-12-06 20:44:52.162518,957.0
2020-12-06 20:44:52.673819,993.0
2020-12-06 20:44:53.185008,958.0
2020-12-06 20:44:53.696265,972.0
2020-12-06 20:44:54.207673,950.0
2020-12-06 20:44:54.703013,958.0
2020-12-06 20:44:55.214191,987.0
2020-12-06 20:44:55.725654,947.0
2020-12-06 20:44:56.236751,959.0
2020-12-06 20:44:56.747944,972.0
2020-12-06 20:44:57.243218,960.0
2020-12-06 20:44:57.754740,959.0
2020-12-06 20:44:58.265880,1003.0
2020-12-06 20:44:58.777177,963.0
2020-12-06 20:44:59.272508,956.0
2020-12-06 20:44:59.783690,984.0
2020-12-06 20:45:00.294991,966.0
2020-12-06 20:45:00.806482,961.0
2020-12-06 20:45:01.317558,988.0
2020-12-06 20:45:01.812915,951.0
2020-12-06 20:45:02.324380,969.0
2020-12-06 20:45:02.835610,952.0
2020-12-06 20:45:03.346479,958.0
2020-12-06 20:45:03.857735,950.0
2020-12-06 20:45:04.353227,982.0
2020-12-06 20:45:04.864759,952.0
2020-12-06 20:45:05.376100,988.0
2020-12-06 20:45:05.887079,960.0
2020-12-06 20:45:06.398802,963.0
2020-12-06 20:45:06.910094,998.0
2020-12-06 20:45:07.421276,947.0
2020-12-06 20:45:07.916475,993.0
2020-12-06 20:45:08.428031,957.0
2020-12-06 20:45:08.939147,956.0
2020-12-06 20:45:09.450580,965.0
2020-12-06 20:45:09.945992,963.0
2020-12-06 20:45:10.461058,953.0
2020-12-06 20:45:10.968605,958.0
2020-12-06 20:45:11.479617,992.0
2020-12-06 20:45:11.991144,950.0
2020-12-06 20:45:12.486281,959.0
2020-12-06 20:45:12.997796,985.0
2020-12-06 20:45:13.509123,946.0
2020-12-06 20:45:14.020384,945.0
2020-12-06 20:45:14.531668,954.0
2020-12-06 20:45:15.026905,953.0
2020-12-06 20:45:15.538638,988.0
2020-12-06 20:45:16.049529,948.0
2020-12-06 20:45:16.560992,964.0
2020-12-06 20:45:17.088184,948.0
2020-12-06 20:45:17.583171,983.0
2020-12-06 20:45:18.094891,955.0
2020-12-06 20:45:18.590247,956.0
2020-12-06 20:45:19.101618,976.0
2020-12-06 20:45:19.612750,945.0
2020-12-06 20:45:20.155684,952.0
2020-12-06 20:45:20.635202,990.0
2020-12-06 20:45:21.130773,952.0
2020-12-06 20:45:21.642014,960.0
2020-12-06 20:45:22.153301,954.0
2020-12-06 20:45:22.664576,964.0
2020-12-06 20:45:23.159901,967.0
2020-12-06 20:45:23.671081,993.0
2020-12-06 20:45:24.182609,960.0
2020-12-06 20:45:24.693690,955.0
2020-12-06 20:45:25.204805,987.0
2020-12-06 20:45:25.700421,946.0
2020-12-06 20:45:26.211619,956.0
2020-12-06 20:45:26.722943,967.0
2020-12-06 20:45:27.234252,989.0
2020-12-06 20:45:27.729440,954.0
2020-12-06 20:45:28.240841,954.0
2020-12-06 20:45:28.752044,945.0
2020-12-06 20:45:29.263315,982.0
2020-12-06 20:45:29.774662,953.0
2020-12-06 20:45:30.269963,956.0
2020-12-06 20:45:30.780833,948.0
2020-12-06 20:45:31.292432,988.0
2020-12-06 20:45:31.803942,945.0
2020-12-06 20:45:32.315112,945.0
2020-12-06 20:45:32.810564,952.0
2020-12-06 20:45:33.322009,946.0
2020-12-06 20:45:33.832943,954.0
2020-12-06 20:45:34.344455,963.0
2020-12-06 20:45:34.839656,989.0
2020-12-06 20:45:35.351068,945.0
2020-12-06 20:45:35.862342,944.0
2020-12-06 20:45:36.373627,952.0
2020-12-06 20:45:36.884871,998.0
2020-12-06 20:45:37.380028,963.0
2020-12-06 20:45:37.891647,951.0
2020-12-06 20:45:38.402909,946.0
2020-12-06 20:45:38.914154,970.0
2020-12-06 20:45:39.425522,954.0
2020-12-06 20:45:39.920811,965.0
2020-12-06 20:45:40.432343,957.0
2020-12-06 20:45:40.943695,957.0
2020-12-06 20:45:41.454887,978.0
2020-12-06 20:45:41.965758,950.0
2020-12-06 20:45:42.461569,956.0
2020-12-06 20:45:42.972681,965.0
2020-12-06 20:45:43.484152,992.0
2020-12-06 20:45:43.995495,956.0
2020-12-06 20:45:44.490854,942.0
2020-12-06 20:45:45.001987,954.0
2020-12-06 20:45:45.513292,978.0
2020-12-06 20:45:46.024632,944.0
2020-12-06 20:45:46.536094,945.0
2020-12-06 20:45:47.031165,975.0
2020-12-06 20:45:47.542613,956.0
2020-12-06 20:45:48.053785,950.0
2020-12-06 20:45:48.565089,952.0
2020-12-06 20:45:49.076223,979.0
2020-12-06 20:45:49.571534,961.0
2020-12-06 20:45:50.083038,946.0
2020-12-06 20:45:50.594389,952.0
2020-12-06 20:45:51.105560,944.0
2020-12-06 20:45:51.600950,956.0
2020-12-06 20:45:52.112233,956.0
2020-12-06 20:45:52.623345,979.0
2020-12-06 20:45:53.134753,952.0
2020-12-06 20:45:53.646028,940.0
2020-12-06 20:45:54.141604,941.0
2020-12-06 20:45:54.653107,946.0
2020-12-06 20:45:55.164071,981.0
2020-12-06 20:45:55.675645,958.0
2020-12-06 20:45:56.186540,941.0
2020-12-06 20:45:56.682201,986.0
2020-12-06 20:45:57.193527,940.0
2020-12-06 20:45:57.704836,953.0
2020-12-06 20:45:58.216158,984.0
2020-12-06 20:45:58.711484,940.0
2020-12-06 20:45:59.222632,949.0
2020-12-06 20:45:59.733978,959.0
2020-12-06 20:46:00.245370,976.0
2020-12-06 20:46:01.299729,950.0
2020-12-06 20:46:01.811248,940.0
2020-12-06 20:46:02.322152,951.0
2020-12-06 20:46:02.817438,982.0
2020-12-06 20:46:03.328668,959.0
2020-12-06 20:46:03.840097,945.0
2020-12-06 20:46:04.351510,979.0
2020-12-06 20:46:04.846902,972.0
2020-12-06 20:46:05.374426,952.0
2020-12-06 20:46:05.869414,963.0
2020-12-06 20:46:06.380656,995.0
2020-12-06 20:46:06.892191,950.0
2020-12-06 20:46:07.403506,950.0
2020-12-06 20:46:07.914437,968.0
2020-12-06 20:46:08.410058,951.0
2020-12-06 20:46:08.921397,950.0
2020-12-06 20:46:09.432651,977.0
2020-12-06 20:46:09.943978,952.0
2020-12-06 20:46:10.438833,949.0
2020-12-06 20:46:10.950606,962.0
2020-12-06 20:46:11.477865,999.0
2020-12-06 20:46:11.972991,959.0
2020-12-06 20:46:12.484187,950.0
2020-12-06 20:46:12.979815,972.0
2020-12-06 20:46:13.491186,948.0
2020-12-06 20:46:14.002373,952.0
2020-12-06 20:46:14.513922,983.0
2020-12-06 20:46:15.008991,947.0
2020-12-06 20:46:15.520392,954.0
2020-12-06 20:46:16.031592,947.0
2020-12-06 20:46:16.542815,1006.0
2020-12-06 20:46:17.053875,959.0
2020-12-06 20:46:17.549027,955.0
2020-12-06 20:46:18.060792,954.0
2020-12-06 20:46:18.571790,953.0
2020-12-06 20:46:19.082882,952.0
2020-12-06 20:46:19.578710,990.0
2020-12-06 20:46:20.089672,950.0
2020-12-06 20:46:20.600816,952.0
2020-12-06 20:46:21.112744,961.0
2020-12-06 20:46:21.623858,981.0
2020-12-06 20:46:22.135148,965.0
2020-12-06 20:46:22.630466,958.0
2020-12-06 20:46:23.141915,999.0
2020-12-06 20:46:23.653130,950.0
2020-12-06 20:46:24.164265,963.0
2020-12-06 20:46:24.675545,982.0
2020-12-06 20:46:25.171024,956.0
2020-12-06 20:46:25.682238,949.0
2020-12-06 20:46:26.193622,981.0
2020-12-06 20:46:26.704922,977.0
2020-12-06 20:46:27.200385,953.0
2020-12-06 20:46:27.711634,964.0
2020-12-06 20:46:28.222779,964.0
2020-12-06 20:46:28.734112,963.0
2020-12-06 20:46:29.245509,954.0
2020-12-06 20:46:29.740389,992.0
2020-12-06 20:46:30.252461,950.0
2020-12-06 20:46:30.763478,946.0
2020-12-06 20:46:31.274776,950.0
2020-12-06 20:46:31.770055,987.0
2020-12-06 20:46:32.281631,948.0
2020-12-06 20:46:32.792677,991.0
2020-12-06 20:46:33.303924,950.0
2020-12-06 20:46:33.815234,963.0
2020-12-06 20:46:34.310591,967.0
2020-12-06 20:46:34.822153,987.0
2020-12-06 20:46:35.333463,947.0
2020-12-06 20:46:36.851161,949.0
2020-12-06 20:46:37.362383,953.0
2020-12-06 20:46:37.889865,953.0
2020-12-06 20:46:38.400932,994.0
2020-12-06 20:46:38.880300,970.0
2020-12-06 20:46:39.423579,963.0
2020-12-06 20:46:39.902847,956.0
2020-12-06 20:46:40.414190,979.0
2020-12-06 20:46:40.925358,948.0
2020-12-06 20:46:41.421100,954.0
2020-12-06 20:46:41.932107,962.0
2020-12-06 20:46:42.443445,988.0
2020-12-06 20:46:42.954831,960.0
2020-12-06 20:46:43.465705,950.0
2020-12-06 20:46:43.961165,949.0
2020-12-06 20:46:44.472725,947.0
2020-12-06 20:46:44.983764,950.0
2020-12-06 20:46:45.495048,956.0
2020-12-06 20:46:45.990609,999.0
2020-12-06 20:46:46.501882,972.0
2020-12-06 20:46:47.012714,945.0
2020-12-06 20:46:47.524402,964.0
2020-12-06 20:46:48.035235,952.0
2020-12-06 20:46:48.531057,958.0
2020-12-06 20:46:49.058299,947.0
2020-12-06 20:46:49.569658,954.0
2020-12-06 20:46:50.064976,995.0
2020-12-06 20:46:50.576292,957.0
2020-12-06 20:46:51.087619,958.0
2020-12-06 20:46:51.598913,988.0
2020-12-06 20:46:52.110311,954.0
2020-12-06 20:46:52.605501,947.0
2020-12-06 20:46:53.116722,957.0
2020-12-06 20:46:53.628039,952.0
2020-12-06 20:46:54.139355,952.0
2020-12-06 20:46:54.634541,964.0
2020-12-06 20:46:55.145976,1001.0
2020-12-06 20:46:55.657450,956.0
2020-12-06 20:46:56.168687,956.0
2020-12-06 20:46:56.680042,995.0
2020-12-06 20:46:57.174970,955.0
2020-12-06 20:46:57.686556,960.0
2020-12-06 20:46:58.197560,989.0
2020-12-06 20:46:58.708938,945.0
2020-12-06 20:46:59.204262,953.0
2020-12-06 20:46:59.731419,987.0
2020-12-06 20:47:00.227008,950.0
2020-12-06 20:47:00.738321,967.0
2020-12-06 20:47:01.249461,974.0
2020-12-06 20:47:01.744775,958.0
2020-12-06 20:47:02.255999,995.0
2020-12-06 20:47:02.767351,961.0
2020-12-06 20:47:03.278674,958.0
2020-12-06 20:47:03.773893,954.0
2020-12-06 20:47:04.285217,980.0
2020-12-06 20:47:04.796385,947.0
2020-12-06 20:47:05.307791,952.0
2020-12-06 20:47:05.819039,981.0
2020-12-06 20:47:06.314474,956.0
2020-12-06 20:47:06.825792,959.0
2020-12-06 20:47:07.337048,952.0
2020-12-06 20:47:07.848342,988.0
2020-12-06 20:47:08.359103,953.0
2020-12-06 20:47:08.870861,953.0
2020-12-06 20:47:09.398193,988.0
2020-12-06 20:47:09.941415,996.0
2020-12-06 20:47:10.436776,967.0
2020-12-06 20:47:10.932058,955.0
2020-12-06 20:47:11.443375,964.0
2020-12-06 20:47:11.954634,965.0
2020-12-06 20:47:12.465939,999.0
2020-12-06 20:47:12.977144,967.0
2020-12-06 20:47:13.472610,958.0
2020-12-06 20:47:13.983899,996.0
2020-12-06 20:47:14.494996,950.0
2020-12-06 20:47:15.006498,951.0
2020-12-06 20:47:15.501815,953.0
2020-12-06 20:47:16.013178,1000.0
2020-12-06 20:47:16.524491,974.0
2020-12-06 20:47:17.035804,952.0
2020-12-06 20:47:17.547437,955.0
2020-12-06 20:47:18.042376,977.0
2020-12-06 20:47:18.553795,949.0
2020-12-06 20:47:19.064517,961.0
2020-12-06 20:47:19.575872,987.0
2020-12-06 20:47:20.087146,966.0
2020-12-06 20:47:20.583105,959.0
2020-12-06 20:47:21.094061,989.0
2020-12-06 20:47:21.605158,960.0
2020-12-06 20:47:22.116044,967.0
2020-12-06 20:47:22.611915,989.0
2020-12-06 20:47:23.122784,958.0
2020-12-06 20:47:23.634451,956.0
2020-12-06 20:47:24.145925,991.0
2020-12-06 20:47:24.641199,948.0
2020-12-06 20:47:25.152471,956.0
2020-12-06 20:47:25.663501,993.0
2020-12-06 20:47:26.175114,956.0
2020-12-06 20:47:26.686260,947.0
2020-12-06 20:47:27.181539,979.0
